comment_id,parent_id,post_id,comment_body,emojis
kjwygbk,t3_1acvhko,1acvhko,"#### About participation in the comments of /r/nutrition  

Discussion in this subreddit should be rooted in science rather than ""cuz I sed"" or entertainment pieces. Always be wary of unsupported and poorly supported claims and especially those which are wrapped in any manner of hostility. You should provide peer reviewed sources to support your claims when debating and confine that debate to the science, not opinions of other people.

**Good** - it is grounded in science and includes citation of peer reviewed sources.  Debate is a civil and respectful exchange focusing on actual science and avoids commentary about others  

**Bad** - it utilizes generalizations, assumptions, infotainment sources, no sources, or complaints without specifics about agenda, bias, or funding. At best, these rise to an extremely weak basis for science based discussion. Also, off topic discussion  

**Ugly** - (removal or ban territory) it involves attacks / antagonism / hostility towards individuals or groups, downvote complaining, trolling, crusading, shaming, refutation of all science, or claims that all research / science is a conspiracy

*Please vote accordingly and report any uglies*

---


*I am a bot, and this action was performed automatically. Please [contact the moderators of this subreddit](/message/compose/?to=/r/nutrition) if you have any questions or concerns.*",
kjx6e5h,t3_1acvhko,1acvhko,"I used to dream about starting up an ""open-late"" drive thru with juices, smoothies, smoothie bowls, salads, and healthy sandwiches. With nothing but unhealthy options where I live, this would be a game changer",
kjx3kvd,t3_1acvhko,1acvhko,Get the chicken teriyaki with no sauce and power greens bowl from Panda Express. Bomb and healthy,
kjx2fx5,t3_1acvhko,1acvhko,"I don't even need a drive thru, I just wish there were fast food veggie places.",
kjx3mzj,t3_1acvhko,1acvhko,"why on earth can I not get a quick $7 rice/salmon/teriyaki bowl with some veggies mixed in? 

madness I tell you",
kjxeudp,t3_1acvhko,1acvhko,It always amazes me why you can‚Äôt get a good turkey burger from fast food places.  Like what is so difficult about this!,
kjx2825,t3_1acvhko,1acvhko,"Chipotle, El Pollo Loco, Panda Express‚Ä¶ hell, even Taco Bell can be ordered healthy.

But ya, all those other places act like they have a fiber allergy that can only be cured with grease.",
kjx7wqc,t3_1acvhko,1acvhko,El Pollo Loco isn‚Äôt bad if you stick to the chicken and sides. Chick-fil-A has some healthy options as well.,
kjx2grd,t3_1acvhko,1acvhko,Those fit meals plans are becoming pretty popular. You can order as much as you want and get it delivered to your house. Keep a few in the fridge for nights you don‚Äôt feel like cooking. Test out a few of them see which on you like don‚Äôt like so you‚Äôll know what to keep around the house,
kjx1wog,t3_1acvhko,1acvhko,Tazikis is the best one i‚Äôve found so far.,
kjx90nu,t3_1acvhko,1acvhko,SALAD AND GO is a nice quick drive through restaurant!  Lots of health salads!,
kjx93fk,t3_1acvhko,1acvhko,Salad and go!!!,
kjy1x0u,t3_1acvhko,1acvhko,"I lower my caloric intake by around 200 calories every week day so when Saturday comes around I have an extra 1400 calories to spend on fast food. 

My best advice, a diet that we hate isn‚Äôt sustainable. Make sure you‚Äôre at least enjoying your food and keeping some extra caloric space to treat yourself.",
kjx3lze,t3_1acvhko,1acvhko,You can get a grilled chicken sandwich and a fruit cup from Chick-fil-A. Under 500 calories for a decent meal.,
kjy81zp,t3_1acvhko,1acvhko,"When I have to eat out, I try to go with Greek food, the one with lots of veggies, sometimes rice and fish or chicken. Pretty sure it's healthier than most vegan fast-food such as beyondmeat burgers. But yes, I also do often wish we have access to rapid healthy food on the road. I hope it will change in the future. I don't understand how fast-food restaurants are surviving theses days with the increasing cost and the common knowledge about nutrition.",
kjxxo1j,t3_1acvhko,1acvhko,Healthy salads and veggies expire wicked fast. Probs brutal on costs,
kjx3rrm,t3_1acvhko,1acvhko,"I don‚Äôt get it. It‚Äôs a multi million dollar business if someone could figure it out. I hate to admit I love Taco Bell, but also get food from taco trucks which is typically way healthier. I‚Äôd totally hit up a drive through for healthy salads, bowls, and other foods if it existed.",
kjxo38o,t3_1acvhko,1acvhko,"When I was not trying to gain weight / was trying to lose weight I found Starbucks to be one of the few decent options. Egg bites / egg white breakfast wrap / turkey bacon breakfast sandwich with some apple chips on the side was ""okay"" enough for a quick brunch / lunch in a pinch. 

Not healthy, but healthier.",
kjxo9bh,t3_1acvhko,1acvhko,It‚Äôs extremely frustrating that all the west coast healthy fast food chains just assume ALL people in the Midwest WANT to eat like shit. No. It‚Äôs because we aren‚Äôt even given any other options.,
kjyjmvg,t3_1acvhko,1acvhko,"Subway is unbelievably bad tasting‚Äîsawdust with day old chopped red onion, no matter what you order and I refuse to eat it unless it‚Äôs only thing offered at business meetings run by sociopaths.  I live in a similar food dessert,not many options for eating out that aren‚Äôt serving deepfried heart attacks even when dining in with servers.  I have to request that my grilled  chicken and vegetables be drained thoroughly at my local cantina. Yep I‚Äôm in the south. Im betting you‚Äôre looking for after work not get out of the car into the frigid temps and wind chill after a long day healthy options, and your pizza places dont have a salad option just variations on the same prefab pizza crust that add lots of fat or sugar to the party. Your best bet is probably take out from appleby‚Äôs if you‚Äôre lucky,  or stop off at a grocery and see what hot food or cut veggies they have and or order that for grocery pick up, provided you can anticipate when you‚Äôre gonna have one if those days.My town of 6000 does have walmart and a local grocery with pickup options at minimum.  There is nothing else available other than Wendy‚Äôs that remotely fits your criteria.  

Sometimes I get drive thru chicken tenders from  somewhere and just throw it together with salad greens and whatever veggies I have on hand that don‚Äôt require intensive prep.  Best I can do to avoid eating something worse.

Those who know know, those throwing shade could consider an empathetic pov as an alternative.",
kjxqxlc,t3_1acvhko,1acvhko,By design fast food has to be low in fibre so it's less likely to go off and can stay frozen for long times.,
kjy7wtz,t3_1acvhko,1acvhko,"Chinese dishes that are not sweet have lots of vegetables. Maybe skip the rice? Taco Bell bean burritos, and Indian or Nepali takeout are my staples.",
kk04434,t3_1acvhko,1acvhko,Chipotle! Some have drive thrus. You can order ahead.,
kjx16mu,t3_1acvhko,1acvhko,Why does it have to be drove through? There are SO many healthy casual takeout places. You can call ahead so it‚Äôs ready when you get there and pick it up. That‚Äôs arguably even faster than a drive through. Al Wazir is one example. California chicken cafe is another - you can order online and drive up to the curb and they‚Äôll hand you your order.,
kjxb788,t3_1acvhko,1acvhko,Seems like it is time to open a salad to go franchise around your way,
kjy0yrv,t3_1acvhko,1acvhko,When we got a Panera I thought it would be a good option but it seems they're unable to recruit and train staff properly. Got some dicey takeout a fww times even though the food is pretty simple so I just keep the freezer stocked with batch cooking so I can always have a meal ready fairly quickly when I don't feel lije cooking a full meal,
kjy254f,t3_1acvhko,1acvhko,The reason they only exist in a few large cities is that anywhere else they'd go belly up in a month. The demand simply isn't there.,
kjy8aad,t3_1acvhko,1acvhko,"My go to‚Äôs are Panera for salad and soups, chipotle for salad or burrito bowls, Boston market for their sides (steamed veggies and chicken), kfc has pretty good grilled chicken, I also like to stop at the hot food bar at Whole Foods. Some grocery stores like sprouts have pretty good sushi. I list these options for when I leave nyc but I‚Äôm pretty lucky we have a lot of healthy restaurant options here.",
kjzigzv,t3_1acvhko,1acvhko,"Grocery stores and Walmart sell whole rotisserie chickens 
And pre-made sides like potatoe salad and the like,",
kjy0xix,t3_1acvhko,1acvhko,It‚Äôs ironic that you want healthy food but you don‚Äôt want to get out of your car to get it.,
kjwzg2p,t3_1acvhko,1acvhko,THISSSSSSSSS,
kjyhrsf,t3_1acvhko,1acvhko,"We are in the PNW. In the Seattle area, we have Taco Time. It isn‚Äôt ideal, but they have some reasonably healthy salads and fat free beans. You can also get a grilled chicken wrap on a whole wheat tortilla. I feel your pain. My wife and I both have careers and two young kids. At the end of the day, cooking sometimes is the last thing I want to do.",
kjymwbl,t3_1acvhko,1acvhko,"Pollo Tropical came to my state for a few years and its my favorite fast food place. Then i lived in miami for a bit and got it all the time, i miss it every day",
kjyn3hh,t3_1acvhko,1acvhko,"the unhealthy stuff is addictive and cheap - I agree with you, but I also get why it's less available. Have you tried batch cooking so you have something ready on-hand throughout the week?",
kjytero,t3_1acvhko,1acvhko,"I'm with you. The best I can suggest is Panda. You can eat decently healthy there without rice or noodles. Bugs me they insist on calling their vegetables ""super greens"" but that's besides the point.",
kjywxe5,t3_1acvhko,1acvhko,"I‚Äôve seen a reel that combines the 
Chik-fil-A kale salad with their grilled chicken as a nutritious meal. I haven‚Äôt tried it bc I always think about getting it on a dang Sunday.",
kjz0eds,t3_1acvhko,1acvhko,"Haha! True.

I see so many people order Chicken Ceasar Salad wraps because they think they are a healthy option. [https://www.wendys.com/en-uk/menu-items/caesar-chicken-salad](https://www.wendys.com/en-uk/menu-items/caesar-chicken-salad) \- more than half the calories are from fat.",
kjzqi19,t3_1acvhko,1acvhko,Wouldn't ordering pickup at a restaurant essentially be what you're looking for?,
kjzrwis,t3_1acvhko,1acvhko,"Taco Bell has drive through veggie tacos. If you get it fresco style it‚Äôs just a tortilla, beans, and veggies.",
kk0hzdo,t3_1acvhko,1acvhko,Panera Bread?,
kk1ux4v,t3_1acvhko,1acvhko,Chic fila salad with grilled chicken is good imo,
kk6er4r,t3_1acvhko,1acvhko,I often thought about this. Why can't I get a banana in a drive-thru?,
kk71juw,t3_1acvhko,1acvhko,"Sometimes I'll hit drive thru Panera and get the pick 2 salad and sandwich. 

That said, a drive thru shawarma chain is the biggest missed opportunity ever.

There's a very legit drive thru sushi place in my part of town, run out of an old Brusters. It's really no slower than a poorly staffed McDonald's at peak. So if anyone has dreams of a drive thru sushi place, there's your proof of concept.",
kk7krt7,t3_1acvhko,1acvhko,100%.  Why is this such a difficult thing to do?  It is not that complicated.  Chipotle is the only decent fast food that doesn‚Äôt make me feel like shit after eating it.  There‚Äôs also a poke bowl place near me that makes healthy food but it is super expensive.,
kq2xwe4,t3_1acvhko,1acvhko,"Suggest making use of doordash and ubereats with nearby asian/indian/vegetarian restaurants.  Most of the above places have simpler, lower cost menu items. Or, order ahead and swing by on your way home to save more.

It may also be fun for you to get into cooking your own healthy meals. Example: make sesame tofu and wok vegetables  with brown rice and make enough for several meals to reheat or, once good at it, invite folks over for dinner and games.",
ktfe55c,t3_1acvhko,1acvhko,"Fast food is considered ‚Äúdelicious‚Äù? Even before I worked in fast food years ago I always thought it was considered repulsive, just convenient and cheap",
kjx9u8o,t3_1acvhko,1acvhko,We have Salad & Go in AZ!!!!!!,
kjx2fsc,t3_1acvhko,1acvhko,Might not be down everyone's street but one option is to cook in bulk and freeze or refridgerate portions with meal prep containers so you don't have to cook everyday.,
kjx6k4d,t3_1acvhko,1acvhko,Just go to subway or Chipotle or cava and order something healthy?,
kjxasxp,t3_1acvhko,1acvhko,"Honestly the chili from Wendy‚Äôs looks pretty healthy to me. Haven‚Äôt had it in years, but remember it being delicious, too.",
kjxqonu,t3_1acvhko,1acvhko,You could purchase milk off the kids menu if you're looking for something healthy at a fastfood restaurant.,
kjx3zzo,t3_1acvhko,1acvhko,I go to McDonald‚Äôs and get the 2 for 1 double cheeseburgers through the app then I throw the bread away. The macros are basically perfect on it and it only costs 3 dollars.,
l7zlbzs,t3_1acvhko,1acvhko,Although I don‚Äôt have one in my city because it‚Äôs small I frequently pass by a handful of fast food drive thrus that offer healthier food. One of them is Healthy DLite.,
la0bri2,t3_1acvhko,1acvhko,I live by a drive through called robbery juice co. It‚Äôs actually pretty damn healthy and it I tasted great,
kjy8zi6,t3_1acvhko,1acvhko,You can get a grilled chicken sandwich from most fast food/quick service places (and even KFC). Or getting something like a nugget happy meal from McDonald's is <500 calories and comes with apple slices and milk. Some even offer grilled nuggets now. If you ask for no sauce on the chicken sandwich you save a ton on calories. You really just need to look at the various menus for healthier options.,
kjy1x2z,t3_1acvhko,1acvhko,If you're trying to loose body fat then you're real enemy is calories.,
kjy3lgv,t3_1acvhko,1acvhko,"Chick fila has grilled chicken sandwiches, fruit, salads and grilled nuggets I lived off them for the same reason. If you don‚Äôt have self control at the drive thru you‚Äôre screwed anyway",
kjyj57e,t3_1acvhko,1acvhko,I‚Äôll get a large chili and baked potato from Wendy‚Äôs,
kjyot1a,t3_1acvhko,1acvhko,do you have Chick fil A? you can get a healthy meal there and Chipotle.,
kjyqchd,t3_1acvhko,1acvhko,"Why is it ‚Äúironic‚Äù that you‚Äôre complaining about there being no healthy commonplace fast food options and people are suggesting places that only exist in a few major cities? 

Oh wait. Because ‚Äúcommonplace‚Äù and a few major cities?",
kjx102j,t3_1acvhko,1acvhko,AMEN yes.,
kjxh4eb,t3_1acvhko,1acvhko,"I don't know where you're located but I'm finding it hard to believe there isn't a single healthy food delivery option. Have you looked on your local food apps or whatever? 

I'm in a 2nd world country in Eastern Europe and we have multiple. If that's the case here, I'd be very surprised any region of the US doesn't have at least one.",
kjy9bq4,t3_1acvhko,1acvhko,If you are healthy (and not disabled) you probably should just go inside.,
kjxal4g,t3_1acvhko,1acvhko,Stop being lazy cooking is easy,
kjxyfii,t3_1acvhko,1acvhko,Just get your wife to make you a healthy meal and then drive by the house and pick it up.,
kjy7usq,t3_1acvhko,1acvhko,"Drive-thru and healthy eating are contradictory no? In civilised societies in Europe, we sit down for longer to have a decent meal instead of chowing it down in a car.",
kjxzwkt,t3_1acvhko,1acvhko,Take the fried batter off the fried chicken and it's not much different than any other chicken.  So maybe try the fried chicken place since you don't have other options.  I know for sides there isn't many options because those places also have terrible sides .,
kjybibi,t3_1acvhko,1acvhko,Not a drive thru but only place i know that it healthy is Buffalo Wild wings!!,
kjx7p21,t3_1acvhko,1acvhko,"I couldn't resist chick fila today, I just had to have it",
kjy3una,t3_1acvhko,1acvhko,"Drive thru any McDonald's, get some hamburger patties without the buns and you'll be good to go.",
kjya90e,t3_1acvhko,1acvhko,"Taco bell does have veggie tacos. Also if you get a powerbowl you can customize it to be healthier.   
Subway and other shops have veggie sandwiches.   
Mcdonalds? Well no they got rid of anything remotely healthy   
Wendys has salads   
Burger king? No.   
Sonic? No.   
Arby's has wraps which aren't too terrible.   
Hell even Pizza hut has salad.   


There are options you just don't care to look close enough.",
kjydksk,t3_1acvhko,1acvhko,You could just use a kitchen and prep your own healthy food‚Ä¶.,
kjx9h84,t3_1acvhko,1acvhko,"The nice thing about the Cincinnati Area is that the chili parlors usually have some kind of Deli Menu in addition to Cincy style chili. 

So the closest one to me has greek salads at the drive through. Other salads also, but the greek one is dang healthy. 

But weirdly the closer the chain gets to big time franchise (im looking at you skyline) the less likely it is to retain the Greek Immigrant menu and instead have burritos and chili fries.",
kjx9u30,t3_1acvhko,1acvhko,"Agreed. I visited some family in Arizona last month and was pleasantly surprised to learn about Salad And Go. We have Modern Market Eatery which I think is similar but I still wish there were more creative options outside the realm of salads, wraps, and sandwiches.",
kjxj4m4,t3_1acvhko,1acvhko,Chipotle or shake shack cheese or hamburger with lettuce wrap instead of bun and all the fixings,
kjxj602,t3_1acvhko,1acvhko,Where I live there's a place called Oliver's. Very healthy and mostly vegan from memory. They should be more common,
kjxyl3c,t3_1acvhko,1acvhko,I get the spicy potato tacos from Taco Bell without cheese. Not necessarily healthy but imo better than a lot of other options lol,
kjy0p84,t3_1acvhko,1acvhko,Cava is good but yeah its not drive thru,
kjy3npk,t3_1acvhko,1acvhko,"One big step is to just avoid anything fried at pretty much any restaurant, even good ones.  Chances are they re-use the oil which then gets oxidized.  Frying oil is best only used once.",
kjya8gz,t3_1acvhko,1acvhko,Grapes,
kjycg22,t3_1acvhko,1acvhko,If I‚Äôm in a crunch I‚Äôll usually order a veggie burrito or Crunchwrap from Taco Bell and it has yet to give me a stomach ache or any form of soft stool. Not my first choice but solid in a bind.,
kjyfdj7,t3_1acvhko,1acvhko,Do you guys have Trader Joe‚Äôs near you? Not a drive in but many of their frozen meals aren‚Äôt terrible and are really easy to just heat up when you don‚Äôt feel like cooking¬†,
kjyguut,t3_1acvhko,1acvhko,"Moe's and Chipotle can be pretty healthy, depending on the place a number of the fried chicken places also serve baked chicken which other than the sodium content is normally pretty decent, KFC, chick fil a etc.  But yeah it sucks that so much fast food is unhealthy, personally I tend to just focus on limiting the amount, a McDonald's cheeseburger is a lot less calories than a quarter pounder.",
kjylrqk,t3_1acvhko,1acvhko,"I hate that Zaxby's got rid of the buffalo blue salad.  Not exactly ""healthy,"" but it was at least a salad.  I used to go by Smoothie King, but they are pretty expensive.",
kjymez9,t3_1acvhko,1acvhko,"I have wished for this for years. I love cooking but not after a full day of work. I'm also vegan, so the ready made options don't often include drive thru establishments, and they're expensive. This week I'm actually going to buy some groceries to make veg and rice bowls with. Whole foods has a rice/quinoa/lentil bag that you can throw in the microwave. I'm going to do that chop up some easy veggies, maybe pre-cook some tofu, and roll with that, lol.",
kjyncih,t3_1acvhko,1acvhko,"I always through a paleo one-handed food drive thru option would be nice. Turkey legs, sausages, skewers, veg kabobs etc.",
kjyqiik,t3_1acvhko,1acvhko,"We just got a few Salad To Gos drive-thrus in Oklahoma. Prices are pretty good for a big, healthy salad.ü•ó I hope they get enough business to stick around, because we‚Äôve lost places like Salata and Cool Greens.",ü•ó
kjyttws,t3_1acvhko,1acvhko,"They would be super expensive, underused (not impulse buys) and pitted directly against the company‚Äôs that have the cash to create such a company‚Äîeffectively canabalizing their fast food chains.

There have been lots of attempts at this but they all fail. Says a lot about the customer‚Äôs true desires and needs. Sad, but true.",
kjyumqx,t3_1acvhko,1acvhko,This is a huge business idea! Like imagine all the good stuff but made in a healthy way where people loved eating there and macros etc were known! People will spend,
kjywcob,t3_1acvhko,1acvhko,"They have Salad N Go in Arizona, when we moved cross country I was really sad that there are none in my new neck of the woods. They gave expanded to Texas and some other areas too I believe so ü§ûüèº",ü§ûüèº
kjz0dq2,t3_1acvhko,1acvhko,"There are Amy‚Äôs drive throughs in CA, the same Amy‚Äôs making all those frozen meals. It‚Äôs all plant based but it‚Äôs definitely not healthy.",
kjz34pr,t3_1acvhko,1acvhko,Dr.Nadolsky has some fast food cheat sheets on his Instagram. Sadly I think the only way someone would be successful with a healthy drive through is if they did some real good disguising of their meals or did it via a subscription service & partnerships similar to that of Meal prep companies since those tend to do pretty decent.,
kjz3h3q,t3_1acvhko,1acvhko,"unfortunately there's only Chipotle, but they use shitty oils",
kjz490l,t3_1acvhko,1acvhko,"Cava is my pick, but I'm not sure how widely available they are. You can get a relatively healthy meal from a lot of fast food places with the exception of people who are watching their sodium. Really isn't a good option for them.",
kjz4kfl,t3_1acvhko,1acvhko,"I‚Äôd do a drive thru version of a meal delivery, we got this or this today that‚Äôs it. Make it real quick n healthy fresh stuff",
kjz6osq,t3_1acvhko,1acvhko,"Arizona has this place called ‚ÄúSalad and Go‚Äù and it‚Äôs exactly what it sounds like- I drive thru with huge, but relatively healthy salads and salad wraps. It‚Äôs so so good, very cheap, and the drive thru usually takes 5 mins or less. You can also customize your salad if you don‚Äôt want a topping or want to add to it. We need more places like this!!",
kjz9fqh,t3_1acvhko,1acvhko,Salad n Go,
kjzkgd2,t3_1acvhko,1acvhko,Pita pit? Subway salad?,
kjznfx6,t3_1acvhko,1acvhko,Sounds like you have a business idea,
kjznjuq,t3_1acvhko,1acvhko,Salad and go is a drive thru chain and is quite healthy.,
kjzoqcg,t3_1acvhko,1acvhko,"Taco Bell always has a great option for veggies, protein, and easily portable. Even if it‚Äôs not the highest quality, it can be squeezed into a decent diet. Chick fil a grilled sandwiches are usually on whole grain bread and their salads are generally good. Panera has plenty of decent choices although they‚Äôre generally higher in calories, except the soups. There are options, they‚Äôre just at the same places deep fried food and calorie dense food is sold.",
kjzpob9,t3_1acvhko,1acvhko,Panda Express: Bowl with teriyaki chicken and super greens! My go to in a pinch,
kjzptdv,t3_1acvhko,1acvhko,"I hope salad and go spreads everywhere.  They have decent prices, try to source local as much as possible, pay a decent wage and promote from within. Their food is fresh and quick. They have breakfast and lunch bundles. Drinks are a dollar. I am so glad they finally opened in my town and I hope they spread to smaller towns and into more states.",
kjzqr2a,t3_1acvhko,1acvhko,"This is something I would consider if I hit the 100M+ lottery, open up a small kitchen first and hire some talented chefs to create the healthiest, most nutrient dense ¬†recipes then I would hire scientists to test the products for in-depth nutrition labels(similar to what Egglands best eggs does).¬†
From there, it‚Äôs all about making it profitable and that‚Äôs where I blank out",
kjzrcm7,t3_1acvhko,1acvhko,"It is so dependent on the area that you live. There are healthy takeaways within walking distance to me. But I have lived places like you described too. 

Sometimes some of the junk food places can have a couple options on their menu that cater to vegans or health conscious individuals. Or not. But if one does, and you keep buying that option the chances go up that they will keep and even expand the healthy options and potentially other places will start offering it too.",
kjzsxii,t3_1acvhko,1acvhko,"AFAIK burgers are pretty healthy, especially chicken burgers, but, I know that this is controversial due to the presence of bread, or something.

Burritos are pretty healthy, but, I don't know if there is a burrito place near you.

AFAIK, where I live, there are lots of healthy options - it's usually burgers, burritos, sandwiches, or rice bowls, but, those seem reasonably healthy to me.

If you want to get something super healthy, you could just go to the grocery store, but, I acknowledge that most grocery stores do not have drive-throughs.",
kjzu71l,t3_1acvhko,1acvhko,"We have a drive-thru salad, wrap, and iced tea spot in Tampa FL and they‚Äôre adding two more locations. It‚Äôs genuinely healthy, delicious, and every salad or wrap with chicken or tofu is under $10! It‚Äôs been a dream come true, the place is called Greenlane.",
kk00b93,t3_1acvhko,1acvhko,"The only way it would ever work is if it were a drive through attached to a grocery store kind of like how smaller Starbucks or pharmacies are attached to groceries. The grocery store would have to maintain profitability while the drive thru portion would have a small selection of in store made grab and go items that could also be picked up inside. Think a deli/salad counter that makes everything prepackaged and you can either order through the window or walk in.

There is a new Mediterranean restaurant near me called Garbanzo which seems to offer a lot of fresh options. Mediterranean food is a popular diet right now as it‚Äôs lower carb, higher fiber, full of omega-3s and ‚Äúsuperfoods‚Äù, and less common proteins that people don‚Äôt often get in the Midwest like fish and vegetable proteins. Premade Mediterranean dishes would be an excellent option for a drive thru add-on to a grocery store. I could see Hyvee doing this along with their already large menu of premade in store options.",
kk031ml,t3_1acvhko,1acvhko,"In St Paul where I live there‚Äôs Crisp & Green and Green & The Grain which are both salad grain bowl places.

Now I wish there were ethical meat options at those places!",
kk03h9d,t3_1acvhko,1acvhko,"That kind of exists in the pacific NW, called Cafe YUM",
kk07h31,t3_1acvhko,1acvhko,I wish that too but it‚Äôll never happen sadly what I do for nights I don‚Äôt want to cook is I meal prep for certain days and it helps lesson the burden,
kk0dqqp,t3_1acvhko,1acvhko,I like tropical smoothie or salad and go. They are my go to‚Äôs. I also like the wraps from chick fil a(it‚Äôs grilled chicken) (I‚Äôm in the Midwest),
kk0ewgu,t3_1acvhko,1acvhko,Panera?,
kk0h9xa,t3_1acvhko,1acvhko,"just had a fat greasy freddies burger and
fries. i eat clean mostly but i have to have shit food every once in a while",
kk0hb5b,t3_1acvhko,1acvhko,"Zoe's Kitchen has some healthy options, they are are not everywhere. They do Greek. Meats, chicken, vegetables, fruit",
kk0lss4,t3_1acvhko,1acvhko,If you have an El Pollo Loco they have some decent menu items. The pollo bowl has decent macros for a meal and the beans are high in fiber.,
kk0mbyv,t3_1acvhko,1acvhko,"My ‚Äúwin the lottery‚Äù concept is ‚ÄúRoasted.‚Äù I love roasted veggies and could eat them everyday but it would be so nice to have them made fresh and through a drive through with protein options and other carbs and/or fats. No premade, no micro. So the centerpiece is the roasted veggies. But you can add rice and meat and beans and tofu and maybe a simple side of pasta or hummus or whatever. Idk. I‚Äôm not rich so my concept is vague. 

So like chipotle except not Mexican-based. Quick orders with a drive thru I can get my chipotle in 10 min, thru app, drive thru pickup. I eat there too often and get bored. But it‚Äôs perfect size, style and concept. Expand on it.

Edit: and no one will ask for a tip, ever.",
kk0nnga,t3_1acvhko,1acvhko,"You can modify the hell out of your order at most places to just be grilled chicken & greens, not top quality but possible even at mcdonalds",
kk0yak3,t3_1acvhko,1acvhko,"I mean tbh, El Pollo loco is my go-to for fast food w/ fresher healthier options. I know they do have fit bowls and everything, but their chicken combo meals high key slap and have good options for veggie sides. Not that pricey too, for under $10 u can get a breast+drum/thigh+drum grilled chicken with a side of steamed broccoli and corn/salad/Cole slaw. (They have also mac/mashed potatoes/pinto beans/rice). Then you can have choice between 2 tortillas or chips. Unsure if their chips are air fried or deep fried, and it comes with a choice of salsa.",
kk108gq,t3_1acvhko,1acvhko,"I'm imaging premade meals like Factor, reheated to order, but bigger because their portions kind of suck. The trick would be keeping prices under control. Without paying for location rent and staff they're already $20 CAD per 600 calorie meal. Really tasty and healthy though. Figure out a way to do the same, give more, and make it cheaper and you'd have a winner I think.",
kk18zjb,t3_1acvhko,1acvhko,We have Salad n Go in my city now. It's delicious and super affordable!,
kk1g1lq,t3_1acvhko,1acvhko,"if you are fixated on drive through, you'll have to make your own.  
but there are plenty options if you leave your car.  

I know unbelievable.",
kk1n845,t3_1acvhko,1acvhko,Idk where else has this but for my Texas people: SALAD AND GO!!! So cheap and healthy!,
kk1pxi2,t3_1acvhko,1acvhko,The closest I found to not so bad fast food is McDonald‚Äôs fish sandwich.,
kk1qvhx,t3_1acvhko,1acvhko,"This makes me think of the food they have in convenience stores like 7/11 in Japan and other parts of Asia. Cheap, quick packaged meals but also actual food. Most were open 24/7 too.",
kk1ry16,t3_1acvhko,1acvhko,"Me and you both, friend. I've been wanting this for YEARS, a drive-thru that sells regular, low cost foods and meals: egg and cheese sandwich, egg and rice, rice and beans with veg, veg and rice, or even just mixed veg plates with a roll or pita. Nothing fancy, nothing expensive, just low cost, wholesome foods. Call it The Pinto Box, The Bean Box, The Bean & Veg.",
kk1xd8f,t3_1acvhko,1acvhko,"The business model of fast food is to addict people to it, and most of your business is from regular customers who eat way, way too much of it.

This is the situation in most vice businesses. Beer commercials advertise like all their customers are groups of friends enjoying a cold one on the weekends, but in reality, the vast majority of their business is from chronic, problem drinkers. One person buying a case of beer a day drinks WAY more than an entire party of occasional drinkers.

Same for other vices: Casinos are in business because of gambling addicts, etc, etc.

So fast food has to be greasy and sugary because that's what's addictive. If it's not that, there's just not enough of a market to support the business long-term.",
kk2051u,t3_1acvhko,1acvhko,"I feel like people will be complaining about things being wilted and like moldy? Because everything is so fresh that keeping up with the produce everyday, the employees wouldn't feel like taking care of it... I worked in a grocery store and I promise you people did not pull produce the way you think they were supposed to...",
kk22mg5,t3_1acvhko,1acvhko,YES,
kk22ntc,t3_1acvhko,1acvhko,There are soo many in florida,
kk297j5,t3_1acvhko,1acvhko,Guzman gomez?,
kk2v5jw,t3_1acvhko,1acvhko,Closest thing to pulling this off for me is Hawaiian bros. However the high sodium levels get me and that Mac is not healthy at all. I bet I could just sub the rice and the Mac for veggies tho,
kk2wmnw,t3_1acvhko,1acvhko,There was one back in the 1980‚Äôs called D‚ÄôLite‚Äôs.,
kk3apd1,t3_1acvhko,1acvhko,"I haven‚Äôt had drive through in probably close to five years now and I can‚Äôt say I share any of your sentiment at all, sadly.  No, I don‚Äôt want my fucking food handed to me through a window so I can eat curry at a stop light, as you argue.   Why that‚Äôs even desirable to anyone (in any sort of food type) to this day still blows my mind.",
kk3yje4,t3_1acvhko,1acvhko,"Yeah honestly it may depend on where you live but in general eating out is a no-fly zone if you‚Äôre trying to be healthy. I know it doesn‚Äôt save the work in preparing it but if I were you I would focus a lot on meal prep so that dinner is already cooked when you come home from work. At least that way you‚Äôre not doing it in a stressed tired state after a full day of work. Take an hour or two on a day off and cook a whole rack of chicken breast, ground beef chop up all your Rob veggies. Do crockpot meals once or twice a week so that it‚Äôs literally hot and ready for you when you walk in the door. I feel like most people who eat really healthy either put in a lot of work in the planning or they eat really simple meals. It doesn‚Äôt have to be complicated to be healthy either.",
kk41w63,t3_1acvhko,1acvhko,">Sometimes after a long hard day you just want someone to do the cooking for you and go home.

This is why, instead of waiting until you've had a long hard day at work, you meal prep on the weekends and then have stuff you can easily [reheat](https://reheat.My). My wife and I make all kinds of burritos, for example: Bean burritos, a chicken, vegetable & rice burrito, and breakfast burritos. We'll make a couple dozen of each at a time. Then it's a simple matter to reheat and you have a healthy meal.

Whenever I make pasta, I usually make a bunch of it and refrigerate the leftover pasta which can then be used with sauce, pesto, or whatever, in the following days. When pasta cools, the starches turn into resistant starch and remain so, even after reheating, meaning that it acts a lot like high fiber food (you don't get as much sugar and the resistant starch feeds beneficial gut bacteria).

When we buy mushrooms, onions and green peppers, the first thing we do is chop them all up, and put them in containers in the freezer, where they'll be good for months (not that they ever last that long). If I want to make eggs with vegetables, I simply grab a handful from the freezer and throw it in a skillet with some oil, sautee the veggies, and then scramble an egg into it. Or I'll throw the vegetables into some of that leftover pasta with some pesto or some butter, or maybe some cream, whatever.

It's all about making it really easy to come up with a quick, healthy meal in a matter of minutes.",
kk43c0j,t3_1acvhko,1acvhko,"Move out of the ducking suburbs then buddy 

I‚Äôd kill myself if I lived in the burbs 

Sucks ass",
kk4kzfj,t3_1acvhko,1acvhko,"Idk about drive through but walk in, Freshii? The chopped leaf?",
kk4saqs,t3_1acvhko,1acvhko,"I rely on grocery stores for this. They often have a hot bar or heat and eat (so you‚Äôre basically microwaving leftovers, not turning on the oven). 

Yes, it‚Äôs not exactly what you‚Äôre asking for, but if it‚Äôs the hot bar, it‚Äôs pretty close! You just have to walk into the store. Then the food is ready to shovel into your mouth when you return to your car.",
kk4toho,t3_1acvhko,1acvhko,Very few Chipotle has drive thrus,
kk597it,t3_1acvhko,1acvhko,"""Seriously, why isn't there a drive-through for veggie stir-fry? I'd be there every night. Any chance they'll make that a reality, or are we stuck with greasy fries forever?""",
kk5i70t,t3_1acvhko,1acvhko,"Taco Bell used to have a ""fiesta"" menu that featured healthier versions of their regular menu. Like no cheese on a taco but cilantro. Not sure if they do that if you ask.",
kk5iv1d,t3_1acvhko,1acvhko,Try looking for local businesses that meal prep for you. I found a few around and they have been life changing. We buy about 3-5 meals just to have in the fridge for those lazy days and they are very tasty and what I would consider a healthy meal.,
kk66dgg,t3_1acvhko,1acvhko,"It's possible to eat out healthy, it's just way harder and, more importantly, WAY more expensive.

For example, the **grilled** nuggets at Chick-fil-a are actually pretty good for you. Low carbs and high protein.

You just need to make sure you don't ruin it with a soda, fries, or sauces and are willing to pay $20 dollars for 2 orders since they are very lean and do NOT fill you up.

Naked traditional wings at Buffalo Wild Wings aren't bad either. Emphasize ""naked"" and ""traditional"" since the sauces and boneless breading add tons of carbs and sugar.

As for non-meat items, I'm not sure it's worth it. Many of the salads you can get have unhealthy dressings or additives on them and if you take all that off then you are just overpaying for something you could craft in a few minutes from fresh produce.

Also, just out of curiosity...are you vegetarian or vegan? That's fine if you are I was just confused why you listed ""veggie tacos and veggie stir fry"" as your idea of a healthy food. The meat isn't what makes something unhealthy, it's the tortillas, sauces, rice, hidden sugars, etc (aka, a meat+veggie taco is just as unhealthy as a veggie taco)",
kk6qy4f,t3_1acvhko,1acvhko,Hallelujah!!,
kk7omzw,t3_1acvhko,1acvhko,Taco Bell used to have a side of rice and beans in a little cup. I would order 2 or 3 sides as a meal in a pinch. I‚Äôm sure the beans weren‚Äôt organic and they probably added some unhealthy things but not a bad option if you need a drive through.,
kk85dn7,t3_1acvhko,1acvhko,It'd unironically be like $15 per item.,
kk9m5ca,t3_1acvhko,1acvhko,SALAD AND GO!,
kk9xldm,t3_1acvhko,1acvhko,"I just get grilled nuggets and fruit or yogurt from Chik Fil A! But I agree, I need more healthy fast food options so badly",
kkc1o4z,t3_1acvhko,1acvhko,"When I was commuting 100 miles, Carl's Jr was my best better save the McD salad.
Other than that I would have to run in and out of a grocery store for a quick cheese, salad, yogurt or fruit.
Carrot juice, love me carrot juice.",
ko9mqex,t3_1acvhko,1acvhko,It's not in many states but PDQ does grilled chicken tenders and a side of broccoli. The broccoli comes with cheese and I have to order it without.,
koijtet,t3_1acvhko,1acvhko,Clean Juice,
kolkjey,t3_1acvhko,1acvhko,"So I order a soft taco at the bell, I ask for chicken substitution. I order said taco fresco style then add my own salsa, black beans and avocado I eat this without the tortilla except the last bite. Yummy kind of healthy, just requires a bit of prep.",
koq9h1b,t3_1acvhko,1acvhko,"Here in Germany, Dean & David are taking off. Also maybe some Asian take-out meals, like vegetables with meat&rice.

Nothing with real drive through however, miss it ass well",
kory69p,t3_1acvhko,1acvhko,"Would be so great to have such a drive through option, but it sucks that players with big pockets do not want to invest in it. Best solution (as we all would agree) is cooking at home. 

Many apps can help you finding healthy recipes (assuming you have time to cook yourself). In a case you dont, you can get a cook to come to your home and cook your food for $99. Google Easy Platter",
kothxoy,t3_1acvhko,1acvhko,"Amy‚Äôs has a chain of healthy fast food restaurants in California.

https://amysdrivethru.com/menu/roseville",
kozxnin,t3_1acvhko,1acvhko,"Panera isn't necessarily a health food (although they sure are branded to look that way), but definitely one of the better options. Panda Express isn't so shabby either.",
kp4kc66,t3_1acvhko,1acvhko,"i lost it but the drive-thru rotisserie chicken comment was a winner with me, hell yeah.  maybe some fresh potato salad to go with it? maybe they could offer seasonal food? fresh cut fruits, and veggies cooked and seasoned modestly so they're not overly palatable and become so harmful it defeats the purpose.  i would still have some sort of comfort foods but i would have very specific ingredients to make them the least harmful/most beneficial.  i mean i wouldn't sacrifice taste. that is paramount. could have pot roast with all the fixin's, meatloaf, maybe half rotisserie chickens to save on stock.  and it's all rotated so nobody freaking calls Gordon Ramsay lol",
kpb1hkr,t3_1acvhko,1acvhko,"When I was a kid in the Midwest, we had a fast food restaurant called Grandy's. Damn they were amazing for all the worst reasons (cinnamon rolls, chicken fried steak and buttery rolls). But  you could also get grilled chicken breast with yellow rice and green beans when wanting a more healthy meal. it was SO GOOD",
kpxusmi,t3_1acvhko,1acvhko,I‚Äôm sure this wasn‚Äôt a setup‚Ä¶,
kq8rrf0,t3_1acvhko,1acvhko,"You can order relatively healthy at most fast food places, the grilled chicken nuggets at chick fil a slap and have crazy macros (literally just grilled chicken)",
kq9s9x8,t3_1acvhko,1acvhko,Sweet green is working on it! I‚Äôm so ready,
kqcgst8,t3_1acvhko,1acvhko,"Isn't chipotle a bit more healthy? They have a pick up lane too, just place your order on the app and drive through the window. Gotta order ahead tho",
kqm6nf1,t3_1acvhko,1acvhko,"If fast food places in the USA were like they are in Japan and India and such, the options WOULD be better. They literally feed Americans trash food while modifying the menus in other places around the world. 
It sucks.",
ks5c4h9,t3_1acvhko,1acvhko,"Gotta have good quality protein/ meat. ""Healthy"" veggies mean nothing if the meat is composed of fillers, antibiotics, chemicals, etc etc. Also offer dairy free and gluten free options. So many places do not.",
ksl9amw,t3_1acvhko,1acvhko,Panera bread has it! But unfortunately not every panera has drive through,
kjyh788,t1_kjx6e5h,1acvhko,It‚Äôs been tried. They all go broke,
kjz9mud,t1_kjx6e5h,1acvhko,"Same! My dream is a drive through rotisserie chicken store that also sells healthy homemade sides and freshly made breadcakes for sandwiches. Homemade mayo, fresh salad kits, potato salad and good rice. Eventually branching out into hot roast beef and pork and veggies/gravy.",
kjxqaz6,t1_kjx6e5h,1acvhko,I'd single-handedly keep it open,
kjxo5cc,t1_kjx6e5h,1acvhko,Do it! And then please open in Missouri!,
kjxusfr,t1_kjx6e5h,1acvhko,"I always dream about owning a nutritious and delicious cafe, where you could order for that was roughly calorie portioned and healthy.",
kjyiqjl,t1_kjx6e5h,1acvhko,"Keep your dream alive brother , don‚Äôt sleep on it , speak it till existence",
kk0ql31,t1_kjx6e5h,1acvhko,There was one that popped up called Salad and Go when I lived in Arizona. I went almost daily! (saladandgo.com) They are flourishing. Always people in the drive-thru. Ingredients organic and fresh. They keep opening new locations. Hoping one comes to my city soon (Pittsburgh).,
kjyt7ci,t1_kjx6e5h,1acvhko,There is a reason it doesn't exist.,
kjymvpy,t1_kjx6e5h,1acvhko,Most of those restaurants cater to the early risers.,
kk1kkzx,t1_kjx6e5h,1acvhko,The McDonalds near me always has a line of cars wrapping around the building in the drive through... Makes zero sense to me as McDonalds isn't even cheap anymore.,
kk2ictw,t1_kjx6e5h,1acvhko,"I just want a place with lots of cooked veggies. They keep much longer than raw veggies, so they don‚Äôt have to be marked up so much to account for waste. Have several amazing sauces, and some bases like rice, beans, lentils, tofu, etc, and people can have delicious, hearty (if desired), fiberful meals with a variety of taste profiles.",
kjybkpq,t1_kjx6e5h,1acvhko,I would stop by every night,
kjzss76,t1_kjx6e5h,1acvhko,"Me too, was gonna call it ‚ÄòGood to Go‚Äô",
koenoez,t1_kjx6e5h,1acvhko,Moms with sleeping babies in their car would give you their life savings¬†,
kokaldr,t1_kjx6e5h,1acvhko,ugh that would be so nice,
kjxq5y1,t1_kjx3kvd,1acvhko,I have making batches of their power greens at home. So good!,
kk2f37t,t1_kjx3kvd,1acvhko,Its not healthy they put a bunch of other additives in the food its not just 1 ingredient has multiple,
kjzzola,t1_kjx3kvd,1acvhko,"But it‚Äôs not drive thru. I often get the power greens with kung pao chicken but the parking is very difficult. I‚Äôd love to see a drive through place focusing strictly on rice and/or veggie bowls with a variety of sauces like peanut, curry, etc. Beans could be an option if you wanted just rice and beans which I often do. No place remotely like that exists in my mid sized city. One place kind of did but again, it‚Äôs downtown and not convenient and very expensive. 

As far as smoothies and juice and salad places go, I don‚Äôt think they do very well but I think a place like I described above would.",
kk28wb8,t1_kjx3kvd,1acvhko,"Panda Express have dropped the quality of there food, the meat is so cheap I can‚Äôt stand to eat it, as well as being overpriced.",
kk2d7w7,t1_kjx3kvd,1acvhko,"Relatively speaking, Panda Express has a lot of healthy options. You just have to avoid the obviously unhealthy ones.",
kjx2p7g,t1_kjx2fx5,1acvhko,"There are, but only certain cities.  Try Sweetgreen and Crisp & Green.",
kjyi5kc,t1_kjx2fx5,1acvhko,"New Orleans, of all places, has a great local salad chain called City Greens.  They even own their own farm they source greens from",
kjyobok,t1_kjx2fx5,1acvhko,There's a chain called Salad and Go where I live. Its 4 or 5 different salads with a few different protein options. They dont sell soda either. Its the best option for something quick and healthy.,
kjyos7j,t1_kjx2fx5,1acvhko,Cava,
kk2iicq,t1_kjx2fx5,1acvhko,"Yeah, we need places with cooked veggies. Salads are so expensive.",
kjx8vsr,t1_kjx2fx5,1acvhko,Sacramento CA has a really good one and it's a chain but I can't remember as I haven't been to the united States in 3 years now,
kw5kmie,t1_kjx2fx5,1acvhko,"A burrito bowl with no stupid sauce is rice, beans, chicken and whatever vegitable you want. Literally healthy af. You're just fat because you eat the whole thing",
kk0mfvn,t1_kjx2fx5,1acvhko,Veggie grill is amazing but I don‚Äôt know if they‚Äôre only in California,
kjxn7i4,t1_kjx3mzj,1acvhko,"Oh man, there's a killer Poke bowl place around the corner from me that i can get a small but extremely filling dish for $10. I'd be bummed to not have this option so close. 

For all the nonsense you have to deal with living in a major city, the food almost always makes it worth it.",
kjxapfq,t1_kjx3mzj,1acvhko,There are chains like that in lots of places in California,
kjxegy1,t1_kjx3mzj,1acvhko,I dont mean to bread but I live in Thailand. I can for $2-3.,
kjx3oa7,t1_kjx3mzj,1acvhko,YES,
kjxjn3g,t1_kjx3mzj,1acvhko,"You know that you can get all of that (in a hip enough place), just not for that price tag, right?",
kk0r24j,t1_kjx3mzj,1acvhko,"More ranges of calories for lunch: 200, 300, 400",
kk1z4uw,t1_kjx3mzj,1acvhko,"> quick $7 rice/salmon/teriyaki bowl with some veggies mixed in?

I'm in the Bay Area and I don't think I can imagine something like this under $17, plus it'll still be farmed salmon with coloring added.",
kk018x7,t1_kjxeudp,1acvhko,The best I can find is Carl‚Äôs Jr. turkey burger in a lettuce wrap.,
kjy8m3d,t1_kjxeudp,1acvhko,Turkey burgers aren't really much heathier than a regular burger tho,
l7zlh1b,t1_kjxeudp,1acvhko,Why would you want a turkey burger?,
kjx42ss,t1_kjx2825,1acvhko,Taco Bell is heavily processed and insanely calorie dense. And Panda Express is heavily sugared and fried.,
kjx2ihj,t1_kjx2825,1acvhko,"Never seen a chipotle and El Pollo Loco drive through and while some menu items arent the worst at Panda Express and Taco bell, it's still not what I would consider healthy",
kjxgxs2,t1_kjx2825,1acvhko,[deleted],
kjxorqj,t1_kjx2825,1acvhko,"Lol that‚Äôs funny. Sadly, They literally engineer the ‚Äúfood‚Äù to digest quickly via grease lol",
kjybz6z,t1_kjx2825,1acvhko,"Chipotle is Super unhealthy, i used to work there. And i also saw a report where they tested positive for pesticides along with burger king and 20 other restaurant chains",
kk20ck9,t1_kjx2825,1acvhko,i was thinking of these as well as del taco,
kk3l0lx,t1_kjx2825,1acvhko,Pollo Loco is my go to drive thru for when I want something healthier too!,
kjz2wp1,t1_kjx7wqc,1acvhko,Chick-fil-A salads are amazing! Just choose your dressing carefully.,
kk0o1rr,t1_kjx7wqc,1acvhko,Pity it‚Äôs ran by a meth druglord,
kjx3m0j,t1_kjx2grd,1acvhko,"Look at local places too, there‚Äôs a local meal prep place that has fresh/not frozen healthy meals for $8-12. A little more expensive than some of the mail order stuff, but I‚Äôd pay more for something not frozen.",
kjylclp,t1_kjx90nu,1acvhko,And super cheap for a good-sized portion.,
kk1j1nl,t1_kjx90nu,1acvhko,My city has one coming and I am SO excited! I‚Äôve never been to one but I looked at the site and am just happy that it‚Äôs not another burger joint.,
kk1qvhu,t1_kjx93fk,1acvhko,What is salad and go? I don‚Äôt have one of those by me but I feel like I need one!!!,
kjxrfjt,t1_kjx3lze,1acvhko,[deleted],
kjxj7rr,t1_kjx3lze,1acvhko,Chik fil a chicken has some nasty preservatives in there. Stick with chipotle,
kjybo72,t1_kjx3lze,1acvhko,Absolutley NOT!! They said 'HEALTHY',
ko9mf4c,t1_kjx3lze,1acvhko,Grilled nuggets paired with the kale crunch is my go to if I ever end up at Chick Fil a,
kjzpmko,t1_kjxo38o,1acvhko,"This is exactly it. It‚Äôs all fast food, so someone will argue it‚Äôs not ‚Äúhealthy‚Äù, but the idea is to order healthier options when able. If it fits your lifestyle, calories, and fast food isn‚Äôt a daily thing, there‚Äôs no shame in going to Starbucks and getting an egg white wrap with veggies in it (I don‚Äôt recall what they‚Äôre actually called).",
kk39chb,t1_kjyjmvg,1acvhko,"""In the south...get out of the car into the frigid temps and wind chill""

Oh well isn't this adorable",
kjx1l4x,t1_kjx16mu,1acvhko,"In my experience, I‚Äôve never even heard of those places, Even less so that they‚Äôre healthy. I‚Äôll give em a try. Ty",
kjz3e9o,t1_kjy0xix,1acvhko,"Sometimes there‚Äôs a reason you cant get out and go in. A small child makes getting in and out of the car a whole ass project, especially if they‚Äôre sleeping; you have a dog in the car and it‚Äôs 80+ degrees out; your battery is fucked and a weird size and on back order everywhere so if you turn your car off you‚Äôd have to jump it in the parking lot‚Ä¶",
kjx4nue,t1_kjwzg2p,1acvhko,IS SPARTA,
kk0djtg,t1_kjyhrsf,1acvhko,"Also in PNW, love Taco Time although it‚Äôs hard to resist their crispy burritos and ‚ÄúMexican-fries‚Äù. I‚Äôve also noticed a lot of our coffee stands are offering healthy options like salads, etc.",
ko9mk8p,t1_kjywxe5,1acvhko,It's what I usually do. Some grilled nuggets and kale salad,
kssuryp,t1_kk6er4r,1acvhko,Well bananas go bad too fast. But oranges don‚Äôt,
kjxp3pl,t1_kjx9u8o,1acvhko,And D-Lite Healthy Drive Thru,
kjyc4pz,t1_kjx6k4d,1acvhko,"Chipotle is Super unhealthy, i used to work there. And i also saw a report where they tested positive for pesticides along with burger king and 20 other restaurant chains. Subway is also dogshit üòÇ",üòÇ
kjyot47,t1_kjx6k4d,1acvhko,"The nearest cava to me is several hours away, and chipotle is an hour and a half. Not everyone has access to these things sadly.",
kjyc9u8,t1_kjxasxp,1acvhko,Oh god try working there and seeing what the chili actually is ü§¢ü§Æ i used to think the same thing,ü§¢ü§Æ
kjz7f4x,t1_kjxqonu,1acvhko,"Interesting you got downvoted, portion control is important in a healthy lifestyle and the Costa Vida kids meals are bomb",
kjxjb89,t1_kjx3zzo,1acvhko,Shake shack lettuce wrap cheeseburgers omg üçî,üçî
kk0e2fx,t1_kjy3lgv,1acvhko,Their wraps are also really good!,
kjyozwa,t1_kjyot1a,1acvhko,"Also just run in and pick up the food. If you just get used to it, it becomes as easy as the drive thru.",
kjykvyo,t1_kjxh4eb,1acvhko,"You have absolutely no idea.  Plenty of parts of the US have small towns under 10,000 population that have nothing but donut shops maybe an old family run drive through hamburger  or barbeque joint and representation by some mix of the following: McDonalds, Burger King, Taco Bell KFC.",
kjz5rbt,t1_kjy9bq4,1acvhko,"To all saying ‚Äújust go in!‚Äù- Sometimes there‚Äôs a reason you cant get out and go in. A small child makes getting in and out of the car a whole ass project, especially if they‚Äôre sleeping; you have a dog in the car and it‚Äôs 80+ degrees out; your battery is fucked and a weird size and on back order everywhere so if you turn your car off you‚Äôd have to jump it in the parking lot‚Ä¶",
kjxam55,t1_kjxal4g,1acvhko,you are unkind,
kjyclie,t1_kjy3una,1acvhko,The patty is actually beef the bun is litteral pig food but no way you got me paying $4+ for a 1/4 lb when i can go to any grocery store and get 1lb for $5,
kk2cijk,t1_kjycg22,1acvhko,"The black bean Crunchwrap at Taco Bell is sooo good. I wouldn't call it healthy, but it's a bit over 500 calories and is filling by itself, so fairly average as far as fast food goes but fits into my calorie alottment for lunch. I like the black beans so much more than the gummy beef, both in terms of texture and taste.",
kk261ur,t1_kk22ntc,1acvhko,What are they like?  Are they chains?,
kssuypv,t1_kk66dgg,1acvhko,Oh I took that as most of the fast food chains have crappy red meat or chicken,
kq0p78a,t1_kpxusmi,1acvhko,setup for what????,
kjyiac2,t1_kjyh788,1acvhko,Yeah I can‚Äôt imagine trying to constantly keep an inventory of fresh ingredients at a place like that,
kjzg8jm,t1_kjyh788,1acvhko,"This right here is THE issue!

Shitty cheap food is cheap and its profitable 

Quality healthy food is expensive and NOT profitable. 

We live under late stage capitalism where the ONLY thing that matters is profit, not health.",
kk0m9r9,t1_kjyh788,1acvhko,There‚Äôs a healthier restaurant in my city open 24hrs called R Thomas deluxe. They do pretty well. They are popular with the service industry crowd since they have reasonable prices and can serve after they get out of work.,
kk2dt38,t1_kjyh788,1acvhko,Yeah.  People don‚Äôt go out to eat for truly healthy food no matter what anyone thinks.  Even this person won‚Äôt do it because what people actually want is the ‚Äúoption‚Äù to have what they want.,
kk3yr9p,t1_kjyh788,1acvhko,There's a salad-based quick serve restaurant by my old work that does a killing. They don't have a drive thru though.,
kqu42e9,t1_kk1kkzx,1acvhko,Dopamine addiction.,
kk08q1b,t1_kjzzola,1acvhko,Pretty much every Panda I've seen has a drive-thru,
kk0f3e3,t1_kjzzola,1acvhko,I've never come across a PE that didn't have a drive thru,
kjx3was,t1_kjx2p7g,1acvhko,"So true, I'm from kentucky but live in sf and theres a world of difference in the quick food options",
kjyg9qo,t1_kjx2p7g,1acvhko,"If only Sweetgreen was the price of McDonald's. I really like Sweetgreen but a fresh chicken salad with half the calories and double the price of a McDonald's meal is an easy choice to go unhealthy most of the time, especially when you are very hungry.",
kjyij2g,t1_kjx2p7g,1acvhko,"Sweet green is great in taste but it's too expensive, especially when I never get any meat and feel like I'm paying the same prices like I am.",
kjykp0j,t1_kjx2p7g,1acvhko,"Definitely, I go to my local Crisp & Green so often I'm now friends with the owner, and the employees all know my order üòÖ",üòÖ
kk3kxhg,t1_kjx2p7g,1acvhko,Sweetgreen is so overpriced unfortunately. Spent $21 on a mid salad there a few weeks ago,
kk3v8x9,t1_kjx2p7g,1acvhko,And Taco Bell has a lot of veggie options.,
kjywj08,t1_kjyobok,1acvhko,I just posted the same haha we moved cross country and I really miss salad n go!,
kk1ohag,t1_kjyobok,1acvhko,Just finished up the Bbq chicken salad! I love salad and go. Also it‚Äôs fairly inexpensive.,
krbr7s6,t1_kjyobok,1acvhko,One opened in my town right between Jack in the Box and El Pollo Loco. LOL.,
kjy7pae,t1_kjx8vsr,1acvhko,"You talking about plant power ? I actually liked that place, the soda was good too",
kjxgnka,t1_kjxapfq,1acvhko,[deleted],
kjxt5sf,t1_kjxapfq,1acvhko,My California town has 20 Mexican restaurants and Burger King¬†,
kjyuwex,t1_kjxapfq,1acvhko,I‚Äôve lived in various parts of california‚Ä¶ where are you talking about?,
kjyaljm,t1_kjxapfq,1acvhko,Californians always think the only place that has something special is California üòÇ,üòÇ
kjzuh2r,t1_kjxapfq,1acvhko,">> why on earth can I not get a quick $7 rice/salmon/teriyaki bowl with some veggies mixed in

>There are chains like that in lots of places in California

This was my first thought too, but those seem to be a Cali thing. Even otherwise ""rich and nice"" cities on the east coast like NYC and DC don't really have them. The best you can do is the $20 salad mixing places.",
kjyuswa,t1_kjxegy1,1acvhko,say less you lucky bastard!,
kjxlbcq,t1_kjxegy1,1acvhko,">dont mean to bread

Good thing you didn't mean to breed",
kjyuq8k,t1_kjxjn3g,1acvhko,this thread is about drive-throughs. are you saying hip places have healthy Asian food drive throughs?,
kjyiawe,t1_kjy8m3d,1acvhko,"A four oz 93% lean Turkey burger is 150 calories, 1.5 grams of fat and no saturated fat. 

A four oz 90% lean beef burger is 225 calories, 12 grams of fat with 5 grams being saturated. 

https://www.foodnetwork.com/healthyeats/2013/06/food-fight-turkey-burger-vs-beef-burger",
kjx4swm,t1_kjx42ss,1acvhko,There are ‚Äúhealthier‚Äù lower calorie options at both.,
kjy03ls,t1_kjx42ss,1acvhko,A few dishes at Panda Express is full of sugar but they have several options that are not.,
kk14mug,t1_kjx42ss,1acvhko,Taco bell can be pretty good if you replace the meat with beans and subtract the cheese. The tortilla is probably the worse part.,
kjzowy1,t1_kjx42ss,1acvhko,"Just because there are high calorie, processed, fried foods on the menu does not mean ‚Äúall‚Äù of the food is. Panda Express you can get grilled chicken on a bed of steamed greens fairly cheap and easily.",
kk00hjk,t1_kjx42ss,1acvhko,I usually go for two orders of the black beans and rice at Taco Bell. It‚Äôs not super filling but it does the trick. You can also order Al fresco burritos or tacos which come with pico and no cheese or sour cream. I haven‚Äôt tried them. I am fine with the black beans and rice.,
kjx3b13,t1_kjx2ihj,1acvhko,"Chipotle has a Chipotlane at some stores, you don‚Äôt order at the window but you order on the app and use the drive through to pick it up.",
kjx4xnc,t1_kjx2ihj,1acvhko,"I don‚Äôt know, I think it‚Äôs incredibly convenient to mobile order at Chipotle and just grab it off the shelf. 

I do the same at Starbucks and other places. I park, grab my food, and am back in the car in less than a minute.",
kjx6j4s,t1_kjx2ihj,1acvhko,"I get where you‚Äôre coming from, but I think the market for drive through curry would be pretty small strictly because curry is not a convenient food to eat in the car. Curry isn‚Äôt handheld, it‚Äôs saucy, there‚Äôs so much more risk compared to a burger or some chicken nuggets. Same goes for stir fry, and tacos (at least in my opinion).",
kjyd7vw,t1_kjx2ihj,1acvhko,"Do you have a Popeyes? Popeyes has blackened naked tenders. So healthy. 
My only issue with them is lack of sides b/c I don‚Äôt think their Cole slaw is very good.",
krrhrgr,t1_kjxgxs2,1acvhko,"Sodium just causes temporary water retention, you‚Äôre not gaining any tissue‚Ä¶",
kjzs70n,t1_kjxorqj,1acvhko,"Fat generally slows gastric emptying, so that is the opposite of what would happen.",
kk0slt8,t1_kk0o1rr,1acvhko,El Pollo Loco? The entire company?,
kjxji3c,t1_kjx3m0j,1acvhko,Ugh everything in my area is $20+ per serving for this.,
kk1yhm0,t1_kk1qvhu,1acvhko,"Omg! Hope you get one soon. It's a Salad, burrito, and drink spot. Like full healthy salads with chicken or tofu in flavors like Thai, ceaser, mediterranean, etc. So good",
kjy87el,t1_kjxrfjt,1acvhko,"Crazy that not enough people understand this. Preservatives preserve food and technically humans are food, of course it‚Äôs great for preserving us.¬†",
kk4z8jv,t1_kk39chb,1acvhko,"I‚Äôve been in Eastern, Western, Northern, Southern cold, all colds
When Southern cold is as cold (by temperature number) as a Northern or Western cold, that‚Äôs EVIL cold
Because it‚Äôs all wet it‚Äôs super humid
Days where it‚Äôs 15-20 out I can ski in a hoodie with a single tshirt under it out West
But in the South here in Georgia? That‚Äôs like heavy layer weather if you‚Äôre spending any time outside",
kjx37xh,t1_kjx1l4x,1acvhko,"Sweetgreen, Byrdie‚Äôs, and Ben‚Äôs Fast Food are some others, too.",
kk050ic,t1_kjz3e9o,1acvhko,Maybe,
kjz3vg1,t1_kjx4nue,1acvhko,ü¶µ üï≥Ô∏è,ü¶µüï≥
kk0ok6e,t1_kk0djtg,1acvhko,"I hear ya. We always grab some tater fries ‚ÄúFor the kids‚Äù whenever we get salads from there. Another healthier option is teriyaki. Just ask for chicken breast, no sauce or sauce on the side, and brown rice. I am exhausted by the end of the day so that is another option. I do a lot of lifting so chicken and rice is a staple for building muscle.",
kjz7n2z,t1_kjyc9u8,1acvhko,I‚Äôm basing my assessment off of its nutrition facts and ingredients. What is your qualm with it?,
kk0daf8,t1_kjykvyo,1acvhko,"A few years ago, Dave Portnoy did a ""One Bite"" pizza review at Little Caesar's in Princeton, West Virginia, and as dumb as I think he is generally, he made this exact point pretty well.

He basically says something like, ""everyone in WV is fat, but it's not their fault. When you drive down the street, it's just McDonalds, KFC, Taco Bell, McDonald's, KFC, Taco Bell. They have no other choice.""

https://youtu.be/LitVv83o3ko?si=T4h3L-2sHbLD5LoD",
kk0hgln,t1_kjykvyo,1acvhko,"And most itty bitty towns have a subway. And most fast food joints have salads options as well. Not ideal, but you can some veg and grilled meat.",
kjxbvw0,t1_kjxam55,1acvhko,I am biased since I can work from 7am to 10pm and still come home and cook a decent meal.,
kjz4hxn,t1_kjyclie,1acvhko,"It‚Äôs $1.45 for a single 1/4 lb patty by me. Cheese is a dollar though, but 1/2 lb of just patties is $2.90. Works in a pinch, but yes much cheaper and you have more control over quality/flavor if you cook up beef at home",
kq8zwvr,t1_kq0p78a,1acvhko,"I used to work in marketing so I‚Äôm always suspicious and cynical. Like a setup for someone to just ‚Äúhappen‚Äù to post a reply mentioning their new business, etc. Upon closer inspection, it seems I was barking up the wrong tree and it would have been if I had instead said‚Ä¶ nothing. ü§êüôÇ",ü§êüôÇ
kjza24r,t1_kjyiac2,1acvhko,"The one near me didn't have trouble with that, they just didn't get many buyers. Even Zupas and tropical smoothie cafe here are considered ""dieter's restaurants"", and they aren't even healthy",
kjzjhil,t1_kjzg8jm,1acvhko,"We live under early stage globalism.  Capitalism is the best economic system ever conceived.  Globalism is aggressive cancer to capitalism because capitalism requires the competitive market and adherence to fair laws for it to function.  When globalism entered the mix, slavery and corporate espionage/thievery was put back on the table (china constantly steals inventions and American intellectual property).  American companies are allowed to source their raw materials from countries where workers have zero rights and make <$1/day.  That‚Äôs literal slavery and when combined with no e-verify in the United States proper, has destroyed the American dream.  You can‚Äôt compete with slaves, so unless we stop globalism, the American dream is dead.",
kk1idjx,t1_kjzg8jm,1acvhko,"At two universities I attended there were student-run eateries with... rice and beans. Every day rice and beans, green salad, an additional veg, and a couple sauces (tahini sauce, salsa, vinaigrette).
I could use somewhere to drive through for this!",
kjzs3dd,t1_kjzg8jm,1acvhko,"Literally the opposite of being a problem caused by capitalism. 

Literally a problem of supply and demand.",
kk1uj82,t1_kjzg8jm,1acvhko,Health isn't exactly a priority in communism either,
kk0qy3o,t1_kk08q1b,1acvhko,"That‚Äôs nice. Not where I live, so you downvoted me? Redditors are insane.",
kk0r6os,t1_kk0f3e3,1acvhko,What‚Äôs your point? Where I live they have multiple locations and not one of them is drive thru. Downvoted because of that? Seriously???,
kjybswo,t1_kjx3was,1acvhko,I‚Äôm from Ky too and just moved back after years in Ca and this is the cultural difference that hurts the most!,
kjysd08,t1_kjx3was,1acvhko,Amys drive thru in the north bay is not low calorie but wholesome/vegan options and really tastes good!,
kjzh8n1,t1_kjx3was,1acvhko,I hated living in SF but I still miss the food and it‚Äôs been 15 years lol,
kjxf0dx,t1_kjx3was,1acvhko,"From Kentucky living in Cali, not THAT‚ÄôS not something you see every day! You can take the girl outta the country but‚Ä¶",
kk25nce,t1_kjx3was,1acvhko,"Im from IN and live in Marin.  So many quick healthy options and even the not so heathy stuff isnt terrible because the ingredients come from amazing farms in Sonoma County, fresh fish from right over the headlands etc.  We have it so good.",
kjygvsi,t1_kjyg9qo,1acvhko,Unfortunately fresh real ingredients will always be far more costly than unhealthy processed food options.,
kjymmh5,t1_kjy7pae,1acvhko,That place is so good!,
kjyskux,t1_kjy7pae,1acvhko,Ya thanks!!,
kjymkro,t1_kjxt5sf,1acvhko,Damn no Flame Broiler or Yoshinoya (the worst)? I could always find Yoshinoya in the hood haha  /u/ConcreteKeys,
kjzeejc,t1_kjyuwex,1acvhko,"Flame Broiler, Yoshinoya, more local chains like Fuji Grill. This is SoCal but other places I've traveled or lived have always had something similar",
kjz60ic,t1_kjyaljm,1acvhko,"I find the inverse to be true. people from across the country or world think California is the magical land of opportunity and blonde-haired surfers and celebrities. they are surprised to find out how geographically diverse it is, and how many bland, hot, shitty towns there are - many which feel like middle america",
kjylgco,t1_kjyaljm,1acvhko,Are you dumb?,
kk0gf48,t1_kjzuh2r,1acvhko,Maybe it's just an American west thing then. In Colorado now and there are still plenty of options like that near me... maybe not $7 but no place is now,
kjzgs4v,t1_kjxlbcq,1acvhko,Gottem!,
kjywk1l,t1_kjyuq8k,1acvhko,"I'm sure they exist in CA, but never was there myself to check it.",
kjzk1nh,t1_kjyiawe,1acvhko,That‚Äôs far too lean to fit in comfortably in a fast food kitchen. It adds a whole lot of extra prep work processing the poultry compared to beef. Also very little flavor unless you give it a lot of extra help making it even more expensive.  I‚Äôd be shocked to find any kind of poultry burger on a successful fast food menu,
kjxk7ki,t1_kjx4swm,1acvhko,If you avoid the fried rice and sugar meats its really not too bad.,
ks5cety,t1_kjy03ls,1acvhko,But the meat quality is garbage,
ks5cgoi,t1_kk14mug,1acvhko,Still filled w all sorts of chemicals,
kjy6v72,t1_kjx3b13,1acvhko,Love these. More places need to have them. So quick.,
kjysyx0,t1_kjx3b13,1acvhko,[deleted],
kjxbtkk,t1_kjx4xnc,1acvhko,"Yeah, I get it if you have kids, that's a whole thing to get them out of the car, but if it's you, why can't you just go in?

Kinda defeats the purpose of a healthy lifestyle meal if you're not even willing to move enough to get your butt out of your car to go get it",
kk011m4,t1_kjzs70n,1acvhko,That‚Äôs true but in my experience I seem to digest things like chicken nuggets and fries or sometimes even jack in the box tacos with no problems whereas sometimes I eat a salad or fruit and it doesn‚Äôt want to stay down. I‚Äôm not sure what the science is behind this.,
kk0t81w,t1_kk0slt8,1acvhko,"ahh sorry, thought you said Los Pollos Hermanos",
kk1yrlj,t1_kk1yhm0,1acvhko,Omg I need one! I just looked at the website - breakfast and everything !,
kjyez09,t1_kjy87el,1acvhko,"Has a fair amount of MSG as well in some dishes. I know some people are fine w MSG but personally feel like I get dried out and puffy the next day when I have foods high in MSG, poor sleep too.",
kjx3ixx,t1_kjx37xh,1acvhko,Ty! I spend waaaay too much on fast food. Maybe this will help my weight journey.,
kk1bzan,t1_kk0hgln,1acvhko,"Again notlikely.  Iceberg lettuce is not nutrition, just water and cellulose.",
kjxdg56,t1_kjxbvw0,1acvhko,Im tired,
kjz86vn,t1_kjz4hxn,1acvhko,Honestly i dont know the exact prices at mcdonalds i was guesstamating. I stopped eating fast food last year,
kjzqa1z,t1_kjzjhil,1acvhko,"Slaves also harvest the crops too, so they make healthy foods cheaper as well.

Edit: but to add-on, the person blaming capitalism, if there was no cheap, corporate fast food, how much cheaper would vegetables and quality meat be?
If anything, capitalism has made food cheaper by having farmers come up with more innovation to produce higher crop yields or more efficient methods of mechanization. Part of that is you end up with factory farms for produce and livestock but then it lives an open market for people that want to spend more money on higher quality goods and farmers that want to produce higher quality goods.",
kk0jbmd,t1_kjzjhil,1acvhko,"Hold on.  Why so much bash for an economic system, that does exactly what it's meant to do.  Generate capital/money, for the capitalist; (incentive/motivation, for our convenience sakes,- so that we can have available, to purchase, what we want and need). Ultimately, Capitalism, provides us with goods and services, which can actually enable us, the people, to choose to buy what we actually want, and need... 

The problem is, that many buisness/capitalist don't want to put in work anymore, because their returns/profits, will just not be financially worth it, to them...  For there are other big scale capitalist that are dominating the markets... And fortunately, for us? The larger scale buisness, can afford to produce at a much lower cost, making everything cheaper!

So again, if there where more farmers, there can be even cheaper food?",
kq2507v,t1_kjzjhil,1acvhko,"Wasn't corporate theft always an option? Even ignoring government corruption allowing richer companies to skirt anti-predatory practice laws and lobby for ways that benefit them, it seems like a said companies can generally afford to either punch down and take from smaller folk or hire a professional or group to ""re-appropriate"" details from competitors ü§∑üèæ‚Äç‚ôÇÔ∏è.",ü§∑üèæ‚ôÇ
kk28xt0,t1_kk0qy3o,1acvhko,The closest one to me isn't drive-thru either,
kk27ttt,t1_kk0qy3o,1acvhko,You didn‚Äôt make a claim about where you live. You made a claim about panda express in general. ‚ÄúIt‚Äôs not a drive through‚Äù is not qualified in any way. That‚Äôs why you were downvoted. Backpedaling isn‚Äôt going to help.,
kk17b48,t1_kk0qy3o,1acvhko,AHHHHH IM INSANEEEE,
krs7hif,t1_kjzeejc,1acvhko,Came here to say Flame Broiler and Yoshinoya. I‚Äôm also in So Cal,
kjy7daj,t1_kjxk7ki,1acvhko,"Exactly. At Panda Express, get steamed chicken/beef/shrimp with steamed veggies and the sauce on the side so you control the sauce intake. If you want rice with it, get either steamed white or brown rice but don‚Äôt go crazy on it. At Taco Bell, 1 hard shell beef taco with only beef, lettuce tomatoes is sub 190 calories. Sure the beef isn‚Äôt the best grade but it will works great in a pinch.",
kk1mcpz,t1_kjysyx0,1acvhko,"I went to my local chipotle tonight, it was a night and day difference between the amount of food I got being in store vs ordering on the app, I‚Äôve been getting ripped off for two years!",
kjzbs7x,t1_kjxbtkk,1acvhko,"This is really something I noticed when I had a baby. I was starving all the time but there weren‚Äôt any decently healthy places to get food on the go. When he was little I would have to get his heavy ass carrier out of the car and lug it inside. Now that he‚Äôs 2 it‚Äôs almost worse because I have to unstrap him and either carry him inside or hold his hand and either way if I‚Äôm carrying food in my other hand on the way out, navigating doors is hard. It just sucks all around.",
kjxmh5g,t1_kjxbtkk,1acvhko,Living in the uk this sounds insane ! We have hardly any drive through places and we always take the kids out of the car and they come with us to a restaurant!,
kjyhuv9,t1_kjyez09,1acvhko,"That's a symptom of too much salt, not too much msg.  Of course, MSG contains salt, so...",
kjza90c,t1_kjz86vn,1acvhko,"Right on, positive lifestyle change! I dig it. Way to go!",
kofszb8,t1_kjzqa1z,1acvhko,Thank you.¬†,
kjzxlsy,t1_kjzqa1z,1acvhko,"The farmers will grow and then sell, the crops to the stores, and then, the stores will sell it to the consumers/people...  The people, end up paying for it all; and thereby, naturally, we generate the consumerist economy...  Food is inheritently free because it grows for free [(given the proper nutrients and water) which are also free].

The reason why food is so expensive is because there isn't enough farmers producing crops and live stock.  ***It's basic supply and demand laws.***",
kk1p1kq,t1_kk17b48,1acvhko,Yep. And your post history proves it. Alone forever at least.,
kjyjvlw,t1_kjy7daj,1acvhko,Exactly. People just don't understand how to order healthy.,
kk6i2ja,t1_kk1mcpz,1acvhko,"This gives me hope, I may again go to a chipotle",
kjyi0bo,t1_kjyhuv9,1acvhko,And sodium but they‚Äôre all somewhat related no?,
kk1pi3z,t1_kk1p1kq,1acvhko,":( was it the reading Brandon Sanderson, the chess, or the fact I'm a programmer that clued you in on my loneliness?",
kjymch1,t1_kjyi0bo,1acvhko,"When you're talking about too much salt in your diet, you're really talking about the amount of sodium in general, not just how much sodium chloride you take in. 

Sodium bicarbonate, or baking soda, also contributes to sodium levels. Same with various preservatives like sodium nitrate.  MSG, or MonoSodium Glutamate, as I'm sure you can tell by the name, also includes sodium.

Now, you can use MSG to actually REDUCE sodium levels if you use it in place of table salt as it has a stronger effect on the flavor of food than salt alone allowing you to consume less sodium and get similar flavor profiles. But most take out foods from Chinese restaurants that use MSG will also use a ton of salt in general.  

Frankly, that's not limited to Chinese take out by any means, most restaurants use far more fat, salt and sugar in their dishes than you would at home, because it makes for a more flavorful dish.",
kos5gg8,t1_kk1pi3z,1acvhko,Brandon Sanderson is one of my favorite authors! You‚Äôre not alone ‚ò∫Ô∏è,‚ò∫
kosh5qt,t1_kos5gg8,1acvhko,Aw thanks üòÑ I'm almost done with Rhythm of War!,üòÑ
