comment_id,parent_id,post_id,comment_body,emojis
kobeyva,t3_1afoybe,1afoybe,"#**Welcome to r/EatCheapAndVegan.**
**Veganism is not a diet**. However, there is a ton of misinformation and misunderstanding about the cost of **eating vegan** and this subreddit exists to hopefully dispell those false claims. Be advised submissions containing expensive processed food items will be removed.



**Definition of veganism:** *Veganism is a philosophy and way of living which seeks to excludeâ€”as far as is possible and practicableâ€”all forms of exploitation of, and cruelty to, animals for food, clothing or any other purpose; and by extension, promotes the development and use of animal-free alternatives for the benefit of animals, humans and the environment. In dietary terms it denotes the practice of dispensing with all products derived wholly or partly from animals.*



**Quick links for anyone who is interested in becoming vegan or even just plant based:**

+ [Beginners guide to veganism and FAQ from r/vegan](https://www.reddit.com/r/vegan/wiki/beginnersguide)
+ [Beginners guide to eating a WFPB diet](https://www.forksoverknives.com/how-tos/plant-based-primer-beginners-guide-starting-plant-based-diet/)
+ https://nutritionfacts.org/



##[**READ OUR RULES**](https://old.reddit.com/r/EatCheapAndVegan/about/rules/)



*If you have any suggestions on helpful links to add to this automated message, please [reach out to the mods here](https://old.reddit.com/message/compose/?to=/r/EatCheapAndVegan)*.

*I am a bot, and this action was performed automatically. Please [contact the moderators of this subreddit](/message/compose/?to=/r/EatCheapAndVegan) if you have any questions or concerns.*",
kobgjjs,t3_1afoybe,1afoybe,Wow.. she is amazing! Givemy best regards to the chef! These look so delicious. Enjoy it.,
kobifir,t3_1afoybe,1afoybe,"Ok, you/she needs to post the recipe for that sticky cauliflower. It looks delishious!",
kobf92l,t3_1afoybe,1afoybe,"She has an Instagram page (her handle is colorveggies.gf if you want to see it - I can link if itâ€™s ok with the mods) and yesterday her account celebrated its first birthday. She's close to 8k followers, so I thought about sharing this here to see if I could surprise her with the 8k followers milestone! I hope you like these meal ideas!",
kodugir,t3_1afoybe,1afoybe,Donâ€™t mind me just figuring out how to steal your wife,
kobifvl,t3_1afoybe,1afoybe,"Those look great!

Would she be willing to share some recipes with us? Specifically the mushroom & lentil stew? :]",
koblnry,t3_1afoybe,1afoybe,Can I come for dinner?,
kobprni,t3_1afoybe,1afoybe,Although i love itâ¤ï¸ and do the same myself thereâ€™s a lit to be said that process is a thing all foods go through from farm to fridge is a process,â¤
koeia0a,t3_1afoybe,1afoybe,Your wife is actually now my wife.,
koek04i,t3_1afoybe,1afoybe,![gif](giphy|xT39DbHxnkx3Tlgtyw),
kof9ku4,t3_1afoybe,1afoybe,"Yummmm!! The cauliflower wings though ðŸ˜ ðŸ˜© 
The Curry & mashed potato recipes look really good... 
I especially love the use of cilantro. 
I really hate being plant based & despising mushrooms.. I have tried all different kinds & cooked them all different ways & just CANNOT. It's unfortunate because many vegan/vegetarian meals are often centered around mushrooms. Potatoes will forever have my heart though. 
I've been following a blogger/site called Cookie & Kate the last 7 years (all her recipes are wfpb but have both vegeterian & vegan mods) & there's a recipe called Crack Broccoli Tacos that has been mine & my kiddos favorite for years- we just use a homemade tortillas & BBQ sauce. I don't get on IG anymore but I definitely miss pictures like this bc they inspire me. 
Congrats to your wife & kudos to you for giving her props! ðŸ‘ðŸ¼",ðŸ˜ðŸ˜©ðŸ‘ðŸ¼
koedbdz,t3_1afoybe,1afoybe,[removed],
kojbnbk,t3_1afoybe,1afoybe,Recipes pls,
kokwil6,t3_1afoybe,1afoybe,whatâ€™s the recipe for #5,
koy48ew,t3_1afoybe,1afoybe,"What do you like to use in your ramen broth? Mine hasn't been that color yet and it looks delicious, so I'm curious!",
kobowhj,t3_1afoybe,1afoybe,Al of that looks like it should be on the cover of a magazine,
koe9yio,t3_1afoybe,1afoybe,RECIPES PLEASE!,
kobgqtw,t3_1afoybe,1afoybe,"Wow, I wish she was my wife lol. What does she use for the sour cream?",
kok527c,t3_1afoybe,1afoybe,Your wife seems like an awesome lady!,
kom6p2o,t3_1afoybe,1afoybe,We need ALL her recipes!!,
koskgoq,t3_1afoybe,1afoybe,[deleted],
kts6qlx,t3_1afoybe,1afoybe,NGL those meals look good AF!!,
koc0fzn,t3_1afoybe,1afoybe,Does your wife need a wife?  It looks amazing!,
koblxnb,t3_1afoybe,1afoybe,The presentation is on point.,
kobyqie,t3_1afoybe,1afoybe,I need recipes for everything,
kodctr9,t3_1afoybe,1afoybe,"looks delicious, her presentation skills are fabulous!",
kodj6xn,t3_1afoybe,1afoybe,Hats off to the chef; she is incredibly talented. Thank you in advance for posting more pics of her creations.,
kodzpio,t3_1afoybe,1afoybe,Followed her Instagram @colorveggies.gf â¤ï¸â¤ï¸â¤ï¸â¤ï¸,â¤â¤â¤â¤
koea843,t3_1afoybe,1afoybe,Literally all of these look amazing,
koeb0m8,t3_1afoybe,1afoybe,How long do the dishes usually take to make,
kobj24t,t3_1afoybe,1afoybe,"One of each, please!",
koc76td,t3_1afoybe,1afoybe,Canâ€™t wait to move in. See you Saturday,
kockzj1,t3_1afoybe,1afoybe,Can I come over do u guys need a third,
koclbma,t3_1afoybe,1afoybe,do you guys want to adopt ðŸ˜… /lhj,ðŸ˜…
kod16xd,t3_1afoybe,1afoybe,Can you guys adopt me,
koc48vh,t3_1afoybe,1afoybe,I wish your wife would come cook for me ðŸ˜©,ðŸ˜©
koborkb,t3_1afoybe,1afoybe,Following her now. Thanks!!,
kobpyul,t3_1afoybe,1afoybe,Also recipe for #2 please,
kobv8rl,t3_1afoybe,1afoybe,All of these look SOOO GOOD,
kobydhl,t3_1afoybe,1afoybe,The beauty of using wholesome ingredients.,
koc5d1x,t3_1afoybe,1afoybe,Can yall adopt me? *mouth watering*,
kochefx,t3_1afoybe,1afoybe,"Damn, wifey got skills!",
koctqfg,t3_1afoybe,1afoybe,Wow..you lucky phuck,
koecavb,t3_1afoybe,1afoybe,those look great but as a person with IBS i think i would die eating any of themðŸ˜­ðŸ˜”,ðŸ˜­ðŸ˜”
kocp0cy,t3_1afoybe,1afoybe,where are the bowls from??,
kocqcc1,t3_1afoybe,1afoybe,Looks amazing. I have a silly question. How do you get the rice in a perfect mound like that? Is there a special scoop or something? Lol,
kod8dbv,t3_1afoybe,1afoybe,I am impressed and inspired. Don't forget to tell her what an amazing human she is today!,
kod8ob9,t3_1afoybe,1afoybe,Recipes for them all please! These look wonderful,
koder63,t3_1afoybe,1afoybe,Saving this for dinner ideas! Looks delicious!,
kodesgj,t3_1afoybe,1afoybe,Wow!!! Your wife is amazing!!! Everything looks delicious!!!,
kodhf1s,t3_1afoybe,1afoybe,These look phenomenal!!!,
koduta8,t3_1afoybe,1afoybe,"I been trying to cook like that all my life and i cam never get it to look as pretty as your bowls. You're very lucky, and it seems like you appreciate the work she put into it :)",
kodvubk,t3_1afoybe,1afoybe,Would you be able to share the names of the meals? They look so good!!,
kodxbyb,t3_1afoybe,1afoybe,It all looks amazing.,
koe5d3w,t3_1afoybe,1afoybe,Damn,
kobrdpc,t3_1afoybe,1afoybe,the presentation ðŸ¤ŒðŸ¼,ðŸ¤ŒðŸ¼
koc2c93,t3_1afoybe,1afoybe,"Wowza!! I need some recipes, please ðŸ©µâ™¥ï¸",ðŸ©µâ™¥
koc2gtw,t3_1afoybe,1afoybe,"I hate beans, but your wife makes awesome dishes.",
kocc5a8,t3_1afoybe,1afoybe,These dishes all look incredible. Iâ€™m salivating!!,
kocdjtd,t3_1afoybe,1afoybe,My mouth is watering looking at the pics!,
kocem8h,t3_1afoybe,1afoybe,These all look incredible!,
kocg8x7,t3_1afoybe,1afoybe,Looks delicious and beautiful presentation!,
kockhzm,t3_1afoybe,1afoybe,Wow!! Beautiful presentation!,
kocm223,t3_1afoybe,1afoybe,Amazing! Just followed as well,
kocoium,t3_1afoybe,1afoybe,"Looks delicious, everything!! Complete and healthy meals and plated beautifully! Definitely taking some inspiration from these",
kocphbz,t3_1afoybe,1afoybe,These are amazing. I'd love to follow her and see how she does it!,
kocu392,t3_1afoybe,1afoybe,It all looks so good!,
koczakp,t3_1afoybe,1afoybe,Very happy for your wife that you are so appreciative!  Iâ€™m sure that fuels her creativity.,
koca8ur,t3_1afoybe,1afoybe,"I am not much into vegan food but these meals are beautiful, healthy, balanced, nourishing. Youâ€™re blessed! ðŸ‘",ðŸ‘
kocl2uy,t3_1afoybe,1afoybe,Looks like leftovers my sink catch cought.,
koc3cr7,t3_1afoybe,1afoybe,Do you guys need a roommate?,
koezfp9,t3_1afoybe,1afoybe,You are turning into a spammer,
koc5no8,t3_1afoybe,1afoybe,"All these meals look so delicious, I must try them.",
koc9ez3,t3_1afoybe,1afoybe,Looks delicious,
kocazt2,t3_1afoybe,1afoybe,"Marry her immediately! ... oh wait, rest soldier u can eat now",
koce5al,t3_1afoybe,1afoybe,Iâ€™m going to need those recipes please and if not I need to borrow your wife for say a month . ðŸ˜‰,ðŸ˜‰
kodbxmi,t3_1afoybe,1afoybe,Can you share the recipe for that sesame chicken? I've been branching out in my skills a lot and a good Asian fried chicken recipe is what I'm missing. I landed on General Tso's as it's a favorite. Also my biggest struggle is a nice crispy chicken under all that amazing sauce. So any tips would be greatly appreciated.,
koejkoa,t3_1afoybe,1afoybe,So lucky lol my bf wouldnâ€™t eat anything like this haha. Itâ€™s pasta most nights for us,
koevwja,t3_1afoybe,1afoybe,Can you adopt me please ?,
kofbm0s,t3_1afoybe,1afoybe,"Whilst they all look fantastic, white rice is processed, having its nutrients stripped particularly the fiber increases its potential glycemic index",
kofbye8,t3_1afoybe,1afoybe,"D***, can she come over and cook for me? That looks delicious all of them looked delicious lucky guy",
koftcdk,t3_1afoybe,1afoybe,They look great!,
kog9fsc,t3_1afoybe,1afoybe,"Damn, it all looks so good. I envy you. Haha",
kohxdcu,t3_1afoybe,1afoybe,Your wife LUUVES you!!!  ðŸ‘ðŸ‘ðŸ‘,ðŸ‘ðŸ‘ðŸ‘
koi41ke,t3_1afoybe,1afoybe,What do you cook?,
koiog5b,t3_1afoybe,1afoybe,"Thanks for sharing her IG, I followed her! Lots of beautiful food and she puts the recipes in description emote:free\_emotes\_pack:heart\_eyes![gif](emote|free_emotes_pack|yummy)",
koj13wv,t3_1afoybe,1afoybe,Would be great if you would ask your wife to recommend a cookbook to learn how to cook this way. Itâ€™s not easy to cook food that is healthy imo,
kojac0i,t3_1afoybe,1afoybe,"Done, following and now I need to make some of these!",
kol1okt,t3_1afoybe,1afoybe,These all look incredible!,
kodhp71,t1_kobgjjs,1afoybe,[deleted],
kobl08q,t1_kobgjjs,1afoybe,"Thanks a lot, will give them when I show her this threads!

DidnÂ´t told her yet but she comented that she gained some followers the last hour =)

Tks again to everyone for the suport!

Edit: Unreal the suport and the track this got, reddit army is amazing! CanÂ´t thank enough everyone for the love and the suport, really made our day =)

Sorry if we fail any comment, we trying but this blew out :X",
koeex15,t1_kobgjjs,1afoybe,Happy cake day!,
kobmdvr,t1_kobifir,1afoybe,"Glad you liked it! 

ItÂ´s on her plans to post that recipe too with a video eventually but if you ask her by dm on instagram IÂ´m sure she will write it for you =)",
kol0bhx,t1_kobifir,1afoybe,"Hi again, she just wrote the cauliflower one so I could share it here to ppl interested =)

Hope you like it and once again thanks everyone for the amazing love and suport u gave us =) this was a great page aniversary and shes really happy and motivated by so many awsome messages!  


Ingredients:  
1 small cauliflower  
For the batter:  
1 cup flour (I used Schar Mix C for its finer texture; if not gluten-free, wheat flour works)  
1 cup water  
Salt  
Spices (black pepper, chili flakes, etc.)  
1.5 cups breadcrumbs (I used Schar)  
Sauce:  
2/3 cup tamari, coconut aminos, or regular soy sauce (if not gluten-free)  
1 tsp sesame oil  
1/4 cup rice vinegar  
1/4 cup agave syrup  
Chili flakes, garlic powder, onion powder, smoked paprika  
(Sometimes I add 1 tsp tomato paste but not always)  
1/4 cup water  
1 large tbsp cornstarch  
Black and white sesame seeds  
Instructions:  
Preheat the oven to 390Â°F.  
Cut the cauliflower into small pieces.  
In a bowl, mix flour and water until it reaches a batter consistency (add water slowly to achieve the desired consistency).  
Coat cauliflower pieces in the batter and then dip them in breadcrumbs to coat.  
Place the coated cauliflower on a lined baking tray and bake for 25-30 minutes, preferably flipping them halfway through.  
Prepare the sauce by mixing all the sauce ingredients. In another bowl, mix water and cornstarch.  
Heat the sauce in a frying pan, then add the cornstarch mixture and whisk until the mixture thickens.  
Pour the baked cauliflower into the sauce, and add sesame seeds (generous serving)",
kobm2m1,t1_kobf92l,1afoybe,Is your wife looking for a boyfriend? Asking for a friend,
kogfj6h,t1_kobf92l,1afoybe,"Followed the hell outta your wife. Always appreciate some new recipes!   

Thanks for sharing :)",
kod6nps,t1_kobf92l,1afoybe,Went to check her out and I already followed her! The food looks amazing :),
koe5mjk,t1_kobf92l,1afoybe,Oh yeah. Very much followed.,
koe7lbp,t1_kobf92l,1afoybe,Omg thank you!!,
kobv8o1,t1_kobf92l,1afoybe,Impressive to get to 8k that quick! Well deserved,
kofd501,t1_kodugir,1afoybe,"I guess you can join the other 100 people that are trying to do that too haha!

Thank you =)",
kobms4f,t1_kobifvl,1afoybe,"I will ask her and share it here but you can also ask her by dm on instagram!

Some recipes will eventually be posted in a future video or publication but she always shares the recipes by dm to anyone asking =)",
kobrp5e,t1_koblnry,1afoybe,"Yes you can, bring the wine please =)",
kobz7n0,t1_kobprni,1afoybe,"Yeah and unless you're making those noodles from scratch and hand-rolling them...they're ""processed""",
kofcn80,t1_kobprni,1afoybe,"You are right, processed doesnÂ´t mean itÂ´s bad all the times and we try to chose the ones with best ingredients and less weird stuff!   


Overprocessed would be a better term maybe, not sure!

Thank you so much =)",
koffig9,t1_koeia0a,1afoybe,Noooo!!!,
koffl5v,t1_koek04i,1afoybe,=|,
kohvb0o,t1_kof9ku4,1afoybe,"Thank you so much for the kind words!

We love mushrooms, most of the flavor is from the spices, maybe give it a try some day again =) but yeah in the end is all about personal taste!

I post her recipes in reddit too sometimes =) 

I donÂ´t use insta that much too but itÂ´s okay in my opinion if we follow only a few ppl and content we really like!",
koffh7a,t1_koedbdz,1afoybe,Thank you so much =),
kol151t,t1_kojbnbk,1afoybe,"Some are already on her instagram page, other will add it later in the near future!",
kokzcn0,t1_kokwil6,1afoybe,"Hi some of the recipes are on her instagram page but that particular is Sticky Sesame Cauliflower:  


Ingredients:  
1 small cauliflower  
For the batter:  
1 cup flour (I used Schar Mix C for its finer texture; if not gluten-free, wheat flour works)  
1 cup water  
Salt  
Spices (black pepper, chili flakes, etc.)  
1.5 cups breadcrumbs (I used Schar)  
Sauce:  
2/3 cup tamari, coconut aminos, or regular soy sauce (if not gluten-free)  
1 tsp sesame oil  
1/4 cup rice vinegar  
1/4 cup agave syrup  
Chili flakes, garlic powder, onion powder, smoked paprika  
(Sometimes I add 1 tsp tomato paste but not always)  
1/4 cup water  
1 large tbsp cornstarch  
Black and white sesame seeds  
Instructions:  
Preheat the oven to 390Â°F.  
Cut the cauliflower into small pieces.  
In a bowl, mix flour and water until it reaches a batter consistency (add water slowly to achieve the desired consistency).  
Coat cauliflower pieces in the batter and then dip them in breadcrumbs to coat.  
Place the coated cauliflower on a lined baking tray and bake for 25-30 minutes, preferably flipping them halfway through.  
Prepare the sauce by mixing all the sauce ingredients. In another bowl, mix water and cornstarch.  
Heat the sauce in a frying pan, then add the cornstarch mixture and whisk until the mixture thickens.  
Pour the baked cauliflower into the sauce, and add sesame seeds (generous serving)",
kp0txkn,t1_koy48ew,1afoybe,She used brown rice miso!,
kofd7up,t1_kobowhj,1afoybe,Really appreciate the kind words! Thank you so much =),
kofe7g1,t1_koe9yio,1afoybe,She will try to add most of them in next days/weeks. Some are already in her page but in any case feel free to dm her that she will share it for sure =)Some of the plates are not writen yet and are just photos from random dinners we have!,
kobngms,t1_kobgqtw,1afoybe,"Haha, tks a lot!  


I just asked her and:

  
Ssour cream: Handful of cashews - I boiled them, but soaking them in water for some hours also works  
1 squeeze apple cider vinegar  
1 squeeze lemon juice  
Salt to taste  
Water until it thinned out  
\- Optional, but she always uses it: 1 tsp mustard powder  
\- Optional, but she also uses it: 1 small tsp maple syrup (to balance out the tartness, but feel free to skip it)  
She adds spices after - some chili flakes",
kol449s,t1_kok527c,1afoybe,She is! Thank you so much!,
koomvei,t1_kom6p2o,1afoybe,"Hi, most of the recipes are on her instagram page and the ones missing she will add in the near future =)",
koveio7,t1_koskgoq,1afoybe,"Hello, thanks a lot!

She just shared that recipe on her insta yesterday but fell free to dm her and ask for the recipe if you want to =)",
ktt7pp5,t1_kts6qlx,1afoybe,Thanks a lot =),
kofd6lx,t1_koc0fzn,1afoybe,"Sorry im already husband and wife :D

Thanks a lot!!",
kofdek3,t1_koblxnb,1afoybe,Thank you so much!,
kofddm1,t1_kobyqie,1afoybe,"Glad you liked it =)

She will try to add most of them in next days/weeks. Some already in the page but in any case feel free to dm her that she will share it for sure =)

Some are not writen yet and are just photos from random dinners we have!",
kofdfap,t1_kodctr9,1afoybe,Thanks a lot for the kind words!!,
koff8b2,t1_kodj6xn,1afoybe,"Really glad you liked it thank you for the kind wortds! In case you are interested, she has an instagram page called colorveggies.gf",
kofdfyx,t1_kodzpio,1afoybe,Thank you so much for the suport =),
kofe8tg,t1_koea843,1afoybe,Thank you!!,
kofecnf,t1_koeb0m8,1afoybe,"Really depends on the plate, some quicker than other but sheÂ´s normally very quick plating and nothing in this photos is super time expensive!",
kobo6jh,t1_kobj24t,1afoybe,"Wish I could!!

At least you can try the recipes tho :D",
kofdn3z,t1_koc76td,1afoybe,We will be waiting!,
kofdqoj,t1_kockzj1,1afoybe,"For sure, feel free to pass by =)",
kofdt8h,t1_koclbma,1afoybe,"We would adopt everyone if we could haha

So much love and suport!",
kofdgtn,t1_koborkb,1afoybe,Thank you so much for the follow =),
kofdkht,t1_kobpyul,1afoybe,"Glad you liked it =)

  
She will try to add most of them in next days/weeks. Some are already in the page but in any case feel free to dm her that she will share it for sure =)

  
Some of the plates are not writen yet and are just photos from random dinners we have!",
kofdl24,t1_kobv8rl,1afoybe,Thank you =),
kofdmbg,t1_kobydhl,1afoybe,For sure =) THanks!,
kofelys,t1_koc5d1x,1afoybe,Wish we could!! Thank you so much!,
kofdow0,t1_kochefx,1afoybe,"And I got the lucky skill!!

Thank you =)",
koff4ph,t1_koecavb,1afoybe,"So sorry for hearing that, IBS suks =\\",
kofdxzc,t1_kocp0cy,1afoybe,Most are from hm home I think,
koctnfo,t1_kocqcc1,1afoybe,Use a 1/2 cup measuring cup or a small glass bowl.,
kofe1l9,t1_kocqcc1,1afoybe,"Thanks a lot!

Just need to use some bowl with that shape, fill with it rice and turn ir over on the plate =)",
kofe2sd,t1_kod8dbv,1afoybe,I try to do that every day! Thank you so much =),
kofe3ek,t1_kod8ob9,1afoybe,"Glad you liked it =)  
She will try to add most of them in next days/weeks. Some are already in the page but in any case feel free to dm her that she will share it for sure =)  
Some of the plates are not writen yet and are just photos from random dinners we have!",
kofe4nc,t1_koder63,1afoybe,Really glad you liked it =),
kofe5j2,t1_kodesgj,1afoybe,Thank you so much for the kind words!!,
kofe60z,t1_kodhf1s,1afoybe,Thank you =),
koffcrj,t1_koduta8,1afoybe,"Hope her page inspire you! When I cook it feels so bad compared to what she does haha!

Thanks a lot =)",
koffg25,t1_kodvubk,1afoybe,"Hi, the name of the meals are in the photos legend!

Some have the recipe on her page and she will try to add some more in the next days since this blew out so much!

Thanks a lot =)",
koffgnt,t1_kodxbyb,1afoybe,Thank you!,
kofeita,t1_kobrdpc,1afoybe,Thank you!!,
kofejix,t1_koc2c93,1afoybe,"Glad you liked it =)  
She will try to add most of them in next days/weeks. Some are already in the herbut in any case feel free to dm her that she will share it for sure =)  
Some of the plates are not writen yet and are just photos from random dinners we have!",
kofekkz,t1_koc2gtw,1afoybe,Thank you so much! I love it haha,
kofenc5,t1_kocc5a8,1afoybe,Haha glad you liked it and hope you try some!,
kofeoaj,t1_kocdjtd,1afoybe,Really glad you liked it!,
kofeosw,t1_kocem8h,1afoybe,Thank you =),
kofepg8,t1_kocg8x7,1afoybe,Thank you so much!,
kofeqp7,t1_kockhzm,1afoybe,"Glad you liked, thank you =)",
kofermh,t1_kocm223,1afoybe,THank you so much for the suport =)),
kofevxz,t1_kocoium,1afoybe,Really happy you liked and hope it helps you =),
koff170,t1_kocphbz,1afoybe,"Thank you so much, her page is called colorveggies.gf 

She post reels often =)",
koff1lm,t1_kocu392,1afoybe,Thank you!,
kofdwu6,t1_koczakp,1afoybe,"THank you so much for the kind words, I really hope so but the merit is hers =)",
kofei0s,t1_koca8ur,1afoybe,"Thank you so much, hope it helps you getting the desire to give it a chance to veggie food =)",
koffp04,t1_koezfp9,1afoybe,"Sorry about that, was just trying to help her and posted in a few related subs!",
koffkbh,t1_koejkoa,1afoybe,"Haha, give it a try! pasta is great tho, we love it too!",
koffmgz,t1_koevwja,1afoybe,"Wish we could adopt every candidate haha

Thank you!",
koffw0h,t1_kofbm0s,1afoybe,"You are right!  
I think processed was not the right word, I guess I mean over processed food!",
koffy5m,t1_kofbye8,1afoybe,"Thank you so much =)

Feel free to pass by in Portugal to dinner with us !",
koi5852,t1_kohxdcu,1afoybe,Really hope so =),
kol11nr,t1_koj13wv,1afoybe,"Hello, she never read anything specific, she learnt most from random tv shows and mostly browsing internet!",
kol0xke,t1_kojac0i,1afoybe,Thank you so much for the love and suport =),
kol2jgu,t1_kol1okt,1afoybe,Thank you so much =),
koe3sr0,t1_kodhp71,1afoybe,r/unexpectedcommunism,
kofbnax,t1_kodhp71,1afoybe,Everyday 8 pm!! Be sharp please!,
kocbovo,t1_kobl08q,1afoybe,"I donâ€™t see her IG, Iâ€™d love to follow her.",
kobryik,t1_kobl08q,1afoybe,"I would follow her for sure, these look amazing.",
kofbnz1,t1_koeex15,1afoybe,Thank you so much!!,
kofbr38,t1_kobmdvr,1afoybe,"I guess she will try to upload the recipes in stories and next pubs, lots of requests, we are trying to answer everyone!  

Reddit army so strong, canÂ´t thank enough everyone!",
kopjmcw,t1_kol0bhx,1afoybe,Thank you! I'll be trying this asap.,
kobn730,t1_kobm2m1,1afoybe,Or looking to adopt a full grown adult? Asking for a friend as well.,
kohvjes,t1_kobm2m1,1afoybe,Is she also looking for a girlfriend? Also asking for a friend,
kogwj68,t1_kobm2m1,1afoybe,Same here. I can trade stocks for yâ€™all so you donâ€™t have to suck dick behind a Wendyâ€™s dumpster,
kol0fxt,t1_kogfj6h,1afoybe,Thank you so much for the love and suport =),
kol0fl6,t1_kod6nps,1afoybe,Thank you so much for the love and suport =),
kofc2k2,t1_koe5mjk,1afoybe,Thank you =),
kofc3wz,t1_koe7lbp,1afoybe,We are the ones that thank you!!,
kofbz6n,t1_kobv8o1,1afoybe,"Thanks a lot =)

SheÂ´s a hard worker!!",
kobpv1d,t1_kobms4f,1afoybe,"Oh is she making a cooking page on instagram? 
Iâ€™ll def give a follow!",
koe5fr3,t1_kobrp5e,1afoybe,"Just make sure itâ€™s vegan ðŸ˜‰

~~Many wines are processed with fish bladder~~",ðŸ˜‰
kocce7s,t1_kobz7n0,1afoybe,"Same with the white riceâ€¦ I donâ€™t say this to shame or anything, these meals look insanely delicious and nutritious, and no denying how much work goes in to preparing food like this regularly. I think a lot of people misunderstand the scope and spectrum of processed food and how to incorporate that understanding into their eating habits. Even homemade and hand rolled noodles are processed. The act of cooking and combine ingredients is processing them.",
kodco5l,t1_kobz7n0,1afoybe,Even the flour used to make the noodles would be processed. I used to not eat â€˜processedâ€™ and honestly went unhealthy from it till i realised everything was,
kofcr05,t1_kobz7n0,1afoybe,I agree and the noodles arenÂ´t made from scratch but they have like 2 ingredients!,
kole21m,t1_kokzcn0,1afoybe,yummy thanks!,
kp10iev,t1_kp0txkn,1afoybe,"Thanks, gotta get me some ðŸ˜ˆ",ðŸ˜ˆ
kofelhh,t1_kofecnf,1afoybe,Awesome,
kojdxvn,t1_kofdkht,1afoybe,Class thank you!,
koevgqw,t1_koctnfo,1afoybe,Get it wet first!,
kofr21w,t1_koffg25,1afoybe,Thanks so much! Iâ€™ll check out her page too!,
koktu8p,t1_koffgnt,1afoybe,Sure thing.,
koffhsh,t1_koffgnt,1afoybe,">Thank you!

You're welcome!",
koff2h9,t1_koff1lm,1afoybe,">Thank you!

You're welcome!",
kofblzw,t1_koe3sr0,1afoybe,LOL,
kofbk7d,t1_kocbovo,1afoybe,"Hi, itÂ´s called colorveggies.gf 

Thanks a lot =)",
kofbkxh,t1_kobryik,1afoybe,"Hi, itÂ´s called colorveggies.gf   
Thanks a lot =)",
koid3ih,t1_kofbr38,1afoybe,Does she have a blog too? Might be easier for instagram-adverse people to find and save her recipes. But ya that sticky cauliflower looks amazing.,
kovfkcl,t1_kopjmcw,1afoybe,"You are welcome!  
Really hope you you like it =)",
kod71d1,t1_kobn730,1afoybe,Is your wife looking for another wife? I have a husband already but looking through those pictures made me realize I also need a wife who can cook delicious vegan meals ðŸ˜…,ðŸ˜…
koi15ip,t1_kohvjes,1afoybe,We can just double date OPs wife,
kobu9yc,t1_kobpv1d,1afoybe,"She already has it, itÂ´s called colorveggies.gf!

ItÂ´s on the plans to do a ebook eventually, she has a lot of recipes writen down already!

Thank you so much for the follow =)",
kodcv3w,t1_kocce7s,1afoybe,"I should of read this before replying ðŸ˜‚ yeah and honestly if ya burn out easily, thereâ€™s nothing wrong with having a pizza in the fridge",ðŸ˜‚
kofcx5h,t1_kocce7s,1afoybe,"You are totally right, so much stuff is processed and doesnÂ´t mean is unhealthy!

When I use processed I guess I mean the super processed food with lots of weird ingredients and conservants etc!",
kofd3b2,t1_kodco5l,1afoybe,"Unlesss we live in a farm I guess itÂ´s almost impossible! Processed can be ok, just depends on the process, I will even say that some processed modern food like superfoods and those super powders might be super good to our health despite ""processed""

We need to find a better term for the unhealhty ones!!",
kp64iem,t1_kp10iev,1afoybe,You welcome!,
kohtwvw,t1_kofr21w,1afoybe,You welcome! Thank you!,
kofqxi8,t1_kofbkxh,1afoybe,"No problem, just found her, thanks for sharing :)",
kogqg5p,t1_kod71d1,1afoybe,Maybe she wants an agender house-spouse? I love to clean and i come with a nintendo!,
kobyqbk,t1_kobu9yc,1afoybe,Is this the right website? It doesn't load for me. I'd love to follow!,
kocd5fo,t1_kobu9yc,1afoybe,Just followed! Hoping to get recipe inspiration ðŸ˜Š,ðŸ˜Š
koi5rjn,t1_kofd3b2,1afoybe,Even planting is a process ðŸ˜… the abstract is actually linear,ðŸ˜…
kohu4qt,t1_kofqxi8,1afoybe,You welcome!  Tks a lot!!,
kofc8r0,t1_kobyqbk,1afoybe,"Sorry, the link was by mistake! Her handle is colorveggies.gf

Thank you so much =)",
koc7kio,t1_kobyqbk,1afoybe,Thatâ€™s her instagram handle! Just found it on IG,
koca89a,t1_kobyqbk,1afoybe,https://www.instagram.com/colorveggies.gf/,
kofcc6r,t1_kocd5fo,1afoybe,Really appreciate it and hope you like it and that it get you some ideas! Thanks,
kofc9v1,t1_koc7kio,1afoybe,Thank you!!,
koc9ax2,t1_koc7kio,1afoybe,">colorveggies.gf

She's got one more follower in me!  Thanks.",
kofc5ik,t1_koc9ax2,1afoybe,Thank you =),
